19.541309,33.629423,9.711333,-1.570796
19.279934,33.802279,9.746799,-1.522760
19.017294,33.963218,9.780373,-1.474723
18.754309,34.112532,9.812058,-1.426687
18.491843,34.250624,9.841852,-1.378650
18.230698,34.378000,9.869750,-1.330613
17.971596,34.495256,9.895744,-1.282577
17.715182,34.603071,9.919823,-1.234540
17.462009,34.702196,9.941972,-1.186504
17.212539,34.793434,9.962172,-1.138467
16.967137,34.877640,9.980400,-1.090430
16.726074,34.955696,9.996628,-1.042394
16.489528,35.028512,10.010825,-0.994357
16.257584,35.097004,10.022956,-0.946321
16.030242,35.162092,10.032981,-0.898284
15.807422,35.224684,10.040855,-0.850248
15.588968,35.285676,10.046532,-0.802211
15.374662,35.345935,10.049958,-0.754174
15.164227,35.406304,10.051078,-0.706138
14.957339,35.467587,10.049834,-0.658101
14.753636,35.530553,10.046162,-0.610065
14.552727,35.595930,10.039997,-0.562028
14.354204,35.664403,10.031272,-0.513991
14.157647,35.736613,10.019916,-0.465955
13.962638,35.813158,10.005857,-0.417918
13.768766,35.894593,9.989022,-0.369882
13.575638,35.981427,9.969336,-0.321845
13.382885,36.074127,9.946726,-0.273809
13.190169,36.173118,9.921117,-0.225772
12.997191,36.278783,9.892436,-0.177735
12.803694,36.391461,9.860610,-0.129699
12.609467,36.511450,9.825571,-0.081662
12.414353,36.639006,9.787252,-0.033626
12.218245,36.774339,9.745589,0.014411
12.021093,36.917617,9.700523,0.062448
11.822901,37.068959,9.652000,0.110484
11.623729,37.228436,9.599971,0.158521
11.423687,37.396066,9.544394,0.206557
11.222936,37.571815,9.485232,0.254594
11.021681,37.755589,9.422459,0.302630
10.820168,37.947237,9.356055,0.350667
10.618675,38.146544,9.286007,0.398704
10.417505,38.353230,9.212316,0.446740
10.216981,38.566948,9.134989,0.494777
10.017431,38.787285,9.054045,0.542813
9.819184,39.013757,8.969512,0.590850
9.622555,39.245815,8.881433,0.638887
9.427837,39.482843,8.789858,0.686923
9.235291,39.724161,8.694852,0.734960
9.045137,39.969030,8.596489,0.782996
8.857540,40.216658,8.494857,0.831033
8.672604,40.466203,8.390056,0.879070
8.490367,40.716780,8.282196,0.927106
8.310787,40.967474,8.171401,0.975143
8.133747,41.217340,8.057804,1.023179
7.959042,41.465418,7.941551,1.071216
7.786382,41.710741,7.822800,1.119252
7.615392,41.952340,7.701717,1.167289
7.445612,42.189257,7.578480,1.215326
7.276501,42.420549,7.453275,1.263362
7.107442,42.645295,7.326298,1.311399
6.937753,42.862607,7.197754,1.359435
6.766685,43.071624,7.067855,1.407472
6.593443,43.271527,6.936819,1.455509
6.417189,43.461529,6.804873,1.503545
6.237057,43.640885,6.672246,1.551582
6.052162,43.808882,6.539177,1.599618
5.861614,43.964841,6.405904,1.647655
5.664533,44.108111,6.272671,1.695691
5.460058,44.238061,6.139726,1.743728
5.247363,44.354080,6.007316,1.791765
5.025666,44.455562,5.875693,1.839801
4.794246,44.541903,5.745107,1.887838
4.552451,44.612491,5.615809,1.935874
4.299714,44.666702,5.488051,1.983911
4.035562,44.703888,5.362082,2.031948
3.759626,44.723374,5.238151,2.079984
3.471656,44.724454,5.116505,2.128021
3.171527,44.706382,4.997389,2.176057
2.859254,44.668376,4.881044,2.224094
2.534998,44.609616,4.767712,2.272130
2.199076,44.529247,4.657627,2.320167
1.851970,44.426381,4.551022,2.368204
1.494337,44.300107,4.448129,2.416240
1.127010,44.149501,4.349171,2.464277
0.751010,43.973638,4.254372,2.512313
0.367545,43.771604,4.163949,2.560350
-0.021985,43.542521,4.078116,2.608387
-0.415988,43.285559,3.997084,2.656423
-0.812687,42.999963,3.921057,2.704460
-1.210118,42.685076,3.850237,2.752496
-1.606147,42.340363,3.784821,2.800533
-1.998477,41.965436,3.724999,2.848569
-2.384667,41.560083,3.670961,2.896606
-2.762151,41.124289,3.622887,2.944643
-3.128264,40.658266,3.580954,2.992679
-3.480268,40.162467,3.545334,3.040716
-3.815388,39.637613,3.516191,3.088752
-4.130846,39.084702,3.493684,3.136789
-4.423898,38.505022,3.477966,-3.098360
-4.691882,37.900158,3.469181,-3.050323
-4.932254,37.271990,3.467466,-3.002287
-5.142637,36.622686,3.472951,-2.954250
-5.320865,35.954688,3.485755,-2.906213
-5.465024,35.270696,3.505988,-2.858177
-5.573491,34.573633,3.533750,-2.810140
-5.644976,33.866621,3.569129,-2.762104
-5.678548,33.152935,3.612201,-2.714067
-5.673664,32.435960,3.663031,-2.666030
-5.630190,31.719145,3.721668,-2.617994
-5.548410,31.005946,3.788148,-2.569957
-5.429031,30.299778,3.862490,-2.521921
-5.273179,29.603958,3.944699,-2.473884
-5.082388,28.921651,4.034760,-2.425848
-4.858576,28.255825,4.132643,-2.377811
-4.604020,27.609197,4.238298,-2.329774
-4.321319,26.984197,4.351655,-2.281738
-4.013353,26.382930,4.472625,-2.233701
-3.683239,25.807150,4.601098,-2.185665
-3.334280,25.258239,4.736942,-2.137628
-2.969914,24.737193,4.880007,-2.089591
-2.593664,24.244622,5.030117,-2.041555
-2.209083,23.780752,5.187077,-1.993518
-1.819706,23.345437,5.350670,-1.945482
-1.429004,22.938182,5.520655,-1.897445
-1.040341,22.558165,5.696772,-1.849409
-0.656934,22.204272,5.878739,-1.801372
-0.281824,21.875132,6.066254,-1.753335
0.082156,21.569155,6.258994,-1.705299
0.432396,21.284579,6.456617,-1.657262
0.766530,21.019505,6.658764,-1.609226
1.082441,20.771950,6.865058,-1.561189
1.378271,20.539879,7.075107,-1.513152
1.652417,20.321253,7.288503,-1.465116
1.903528,20.114063,7.504826,-1.417079
2.130499,19.916364,7.723644,-1.369043
2.332460,19.726309,7.944514,-1.321006
2.508764,19.542171,8.166987,-1.272970
2.658979,19.362370,8.390606,-1.224933
2.782865,19.185489,8.614907,-1.176896
2.880369,19.010284,8.839428,-1.128860
2.951610,18.835697,9.063700,-1.080823
2.996864,18.660862,9.287259,-1.032787
3.016552,18.485097,9.509640,-0.984750
3.011234,18.307912,9.730384,-0.936713
2.981596,18.128991,9.949038,-0.888677
2.928445,17.948191,10.165153,-0.840640
2.852699,17.765522,10.378293,-0.792604
2.755379,17.581135,10.588030,-0.744567
2.637612,17.395305,10.793947,-0.696530
2.500616,17.208408,10.995641,-0.648494
2.345700,17.020904,11.192722,-0.600457
2.174258,16.833315,11.384816,-0.552421
1.987765,16.646204,11.571563,-0.504384
1.787768,16.460150,11.752622,-0.456348
1.575880,16.275734,11.927667,-0.408311
1.353774,16.093513,12.096389,-0.360274
1.123175,15.914003,12.258500,-0.312238
0.885849,15.737666,12.413726,-0.264201
0.643592,15.564890,12.561814,-0.216165
0.398224,15.395980,12.702530,-0.168128
0.151575,15.231147,12.835655,-0.120091
-0.094528,15.070501,12.960991,-0.072055
-0.338268,14.914048,13.078356,-0.024018
-0.577852,14.761684,13.187587,0.024018
-0.811517,14.613203,13.288537,0.072055
-1.037546,14.468293,13.381077,0.120091
-1.254271,14.326550,13.465091,0.168128
-1.460082,14.187481,13.540483,0.216165
-1.653433,14.050517,13.607169,0.264201
-1.832846,13.915026,13.665083,0.312238
-1.996912,13.780328,13.714171,0.360274
-2.144296,13.645709,13.754393,0.408311
-2.273730,13.510437,13.785723,0.456348
-2.384020,13.373783,13.808150,0.504384
-2.474036,13.235036,13.821673,0.552421
-2.542711,13.093521,13.826304,0.600457
-2.589035,12.948621,13.822069,0.648494
-2.612055,12.799791,13.809005,0.696530
-2.610863,12.646577,13.787160,0.744567
-2.584599,12.488635,13.756596,0.792604
-2.532441,12.325746,13.717384,0.840640
-2.453608,12.157831,13.669610,0.888677
-2.347358,11.984970,13.613370,0.936713
-2.212986,11.807410,13.548773,0.984750
-2.049833,11.625580,13.475938,1.032787
-1.857284,11.440103,13.394999,1.080823
-1.634785,11.251800,13.306103,1.128860
-1.381849,11.061701,13.209407,1.176896
-1.098070,10.871045,13.105082,1.224933
-0.783140,10.681284,12.993315,1.272970
-0.436871,10.494077,12.874302,1.321006
-0.059209,10.311285,12.748257,1.369043
0.349733,10.134962,12.615404,1.417079
0.789662,9.967337,12.475983,1.465116
1.260069,9.810796,12.330249,1.513152
1.760215,9.667857,12.178468,1.561189
2.289100,9.541139,12.020922,1.609226
2.845446,9.433329,11.857905,1.657262
3.427678,9.347140,11.689728,1.705299
4.033909,9.285268,11.516709,1.753335
4.661934,9.250343,11.339185,1.801372
5.309226,9.244880,11.157501,1.849409
5.972944,9.271222,10.972015,1.897445
6.649940,9.331489,10.783094,1.945482
7.336787,9.427525,10.591117,1.993518
8.029806,9.560844,10.396470,2.041555
8.725104,9.732583,10.199548,2.089591
9.418622,9.943461,10.000752,2.137628
10.106188,10.193743,9.800489,2.185665
10.783581,10.483211,9.599168,2.233701
11.446592,10.811150,9.397203,2.281738
12.091097,11.176338,9.195009,2.329774
12.713126,11.577051,8.992999,2.377811
13.308935,12.011083,8.791586,2.425848
13.875073,12.475769,8.591178,2.473884
14.408445,12.968027,8.392181,2.521921
14.906370,13.484409,8.194992,2.569957
15.366627,14.021155,8.000000,2.617994
15.787497,14.574264,7.807587,2.666030
16.167787,15.139564,7.618123,2.714067
16.506845,15.712784,7.431964,2.762104
16.804566,16.289636,7.249457,2.810140
17.061380,16.865883,7.070930,2.858177
17.278229,17.437418,6.896697,2.906213
17.456542,18.000325,6.727057,2.954250
17.598186,18.550942,6.562288,3.002287
17.705418,19.085911,6.402653,3.050323
17.780833,19.602223,6.248393,3.098360
17.827300,20.097245,6.099733,-3.136789
17.847898,20.568743,5.956874,-3.088752
17.845855,21.014898,5.820000,-3.040716
17.824486,21.434301,5.689273,-2.992679
17.787128,21.825946,5.564835,-2.944643
17.737092,22.189218,5.446809,-2.896606
17.677605,22.523865,5.335297,-2.848569
17.611768,22.829972,5.230381,-2.800533
17.542520,23.107926,5.132124,-2.752496
17.472604,23.358377,5.040571,-2.704460
17.404541,23.582207,4.955747,-2.656423
17.340617,23.780481,4.877663,-2.608387
17.282866,23.954419,4.806310,-2.560350
17.233067,24.105348,4.741665,-2.512313
17.192745,24.234678,4.683689,-2.464277
17.163171,24.343862,4.632330,-2.416240
17.145369,24.434374,4.587522,-2.368204
17.140134,24.507677,4.549186,-2.320167
17.148034,24.565208,4.517234,-2.272130
17.169435,24.608359,4.491564,-2.224094
17.204509,24.638463,4.472068,-2.176057
17.253255,24.656783,4.458628,-2.128021
17.315513,24.664508,4.451116,-2.079984
17.390985,24.662748,4.449400,-2.031948
17.479244,24.652533,4.453341,-1.983911
17.579755,24.634814,4.462793,-1.935874
17.691889,24.610471,4.477607,-1.887838
17.814936,24.580310,4.497629,-1.839801
17.948119,24.545078,4.522701,-1.791765
18.090607,24.505466,4.552663,-1.743728
18.241524,24.462115,4.587352,-1.695691
18.399965,24.415632,4.626602,-1.647655
18.565003,24.366590,4.670247,-1.599618
18.735697,24.315541,4.718117,-1.551582
18.911108,24.263023,4.770045,-1.503545
19.090299,24.209566,4.825859,-1.455509
19.272351,24.155701,4.885388,-1.407472
19.456366,24.101963,4.948462,-1.359435
19.641475,24.048895,5.014909,-1.311399
19.826846,23.997055,5.084557,-1.263362
20.011688,23.947015,5.157236,-1.215326
20.195257,23.899361,5.232773,-1.167289
20.376862,23.854698,5.310997,-1.119252
20.555866,23.813643,5.391739,-1.071216
20.731690,23.776828,5.474828,-1.023179
20.903813,23.744894,5.560094,-0.975143
21.071778,23.718487,5.647368,-0.927106
21.235185,23.698255,5.736483,-0.879070
21.393694,23.684844,5.827270,-0.831033
21.547020,23.678890,5.919565,-0.782996
21.694932,23.681016,6.013201,-0.734960
21.837246,23.691824,6.108015,-0.686923
21.973824,23.711894,6.203846,-0.638887
22.104562,23.741772,6.300532,-0.590850
22.229387,23.781973,6.397917,-0.542813
22.348251,23.832970,6.495843,-0.494777
22.461121,23.895193,6.594157,-0.446740
22.567972,23.969023,6.692709,-0.398704
22.668782,24.054792,6.791351,-0.350667
22.763520,24.152777,6.889938,-0.302630
22.852144,24.263197,6.988330,-0.254594
22.934591,24.386216,7.086390,-0.206557
23.010772,24.521933,7.183984,-0.158521
23.080570,24.670387,7.280986,-0.110484
23.143832,24.831553,7.377271,-0.062448
23.200369,25.005340,7.472720,-0.014411
23.249952,25.191590,7.567221,0.033626
23.292316,25.390078,7.660666,0.081662
23.327153,25.600509,7.752952,0.129699
23.354123,25.822520,7.843983,0.177735
23.372852,26.055675,7.933669,0.225772
23.382939,26.299469,8.021926,0.273809
23.383958,26.553325,8.108674,0.321845
23.375472,26.816593,8.193844,0.369882
23.357035,27.088556,8.277368,0.417918
23.328203,27.368424,8.359187,0.465955
23.288546,27.655344,8.439248,0.513991
23.237654,27.948397,8.517504,0.562028
23.175152,28.246606,8.593912,0.610065
23.100706,28.548939,8.668439,0.658101
23.014038,28.854316,8.741053,0.706138
22.914933,29.161620,8.811729,0.754174
22.803250,29.469700,8.880448,0.802211
22.678930,29.777386,8.947194,0.850248
22.542000,30.083497,9.011956,0.898284
22.392585,30.386857,9.074728,0.946321
22.230906,30.686303,9.135507,0.994357
22.057285,30.980703,9.194292,1.042394
21.872144,31.268965,9.251086,1.090430
21.676002,31.550055,9.305894,1.138467
21.469474,31.823007,9.358725,1.186504
21.253260,32.086938,9.409586,1.234540
21.028141,32.341056,9.458487,1.282577
20.794968,32.584675,9.505440,1.330613
20.554647,32.817220,9.550454,1.378650
20.308130,33.038235,9.593541,1.426687
20.056402,33.247388,9.634711,1.474723
19.800462,33.444477,9.673972,1.522760
19.541309,33.629423,9.711333,1.570796
