19.809161,13.329754,8.000000,0.785398
19.809165,13.329756,8.000000,0.785398
19.809196,13.329771,8.000000,0.785399
19.809278,13.329811,8.000000,0.785400
19.809438,13.329890,8.000000,0.785402
19.809702,13.330019,8.000000,0.785406
19.810095,13.330213,8.000000,0.785411
19.810644,13.330483,8.000000,0.785418
19.811375,13.330842,8.000000,0.785428
19.812314,13.331303,8.000000,0.785441
19.813485,13.331879,8.000000,0.785457
19.814917,13.332582,8.000000,0.785477
19.816633,13.333425,8.000000,0.785500
19.818662,13.334422,8.000000,0.785528
19.821027,13.335584,8.000000,0.785560
19.823756,13.336925,8.000000,0.785597
19.826873,13.338457,8.000000,0.785639
19.830406,13.340193,8.000000,0.785688
19.834380,13.342146,8.000000,0.785742
19.838821,13.344328,8.000000,0.785802
19.843755,13.346752,8.000000,0.785869
19.849208,13.349432,8.000000,0.785944
19.855206,13.352379,8.000000,0.786025
19.861774,13.355606,8.000000,0.786115
19.868940,13.359127,8.000000,0.786212
19.876728,13.362954,8.000000,0.786318
19.885164,13.367100,8.000000,0.786433
19.894276,13.371577,8.000000,0.786557
19.904087,13.376398,8.000000,0.786691
19.914626,13.381576,8.000000,0.786834
19.925916,13.387124,8.000000,0.786988
19.937985,13.393054,8.000000,0.787153
19.950859,13.399380,8.000000,0.787328
19.964562,13.406113,8.000000,0.787515
19.979122,13.413268,8.000000,0.787713
19.994564,13.420855,8.000000,0.787923
20.010914,13.428889,8.000000,0.788146
20.028198,13.437382,8.000000,0.788381
20.046442,13.446347,8.000000,0.788630
20.065672,13.455796,8.000000,0.788892
20.085914,13.465742,8.000000,0.789167
20.107193,13.476198,8.000000,0.789457
20.129537,13.487177,8.000000,0.789761
20.152970,13.498691,8.000000,0.790081
20.177519,13.510754,8.000000,0.790415
20.203209,13.523378,8.000000,0.790765
20.230067,13.536575,8.000000,0.791131
20.258119,13.550358,8.000000,0.791513
20.287390,13.564741,8.000000,0.791911
20.317902,13.579735,8.000000,0.792327
20.349618,13.595343,8.000000,0.792759
20.382456,13.611560,8.000000,0.793206
20.416334,13.628380,8.000000,0.793667
20.451169,13.645798,8.000000,0.794141
20.486879,13.663810,8.000000,0.794627
20.523382,13.682411,8.000000,0.795123
20.560593,13.701595,8.000000,0.795629
20.598432,13.721357,8.000000,0.796142
20.636816,13.741692,8.000000,0.796663
20.675662,13.762596,8.000000,0.797190
20.714887,13.784062,8.000000,0.797721
20.754409,13.806087,8.000000,0.798256
20.794146,13.828664,8.000000,0.798793
20.834014,13.851790,8.000000,0.799331
20.873932,13.875458,8.000000,0.799870
20.913817,13.899664,8.000000,0.800407
20.953586,13.924402,8.000000,0.800941
20.993158,13.949668,8.000000,0.801473
21.032448,13.975457,8.000000,0.801999
21.071375,14.001763,8.000000,0.802520
21.109856,14.028581,8.000000,0.803033
21.147809,14.055906,8.000000,0.803539
21.185152,14.083734,8.000000,0.804035
21.221800,14.112059,8.000000,0.804520
21.257673,14.140876,8.000000,0.804994
21.292688,14.170180,8.000000,0.805455
21.326761,14.199966,8.000000,0.805901
21.359811,14.230229,8.000000,0.806333
21.391755,14.260963,8.000000,0.806748
21.422511,14.292165,8.000000,0.807145
21.451995,14.323828,8.000000,0.807524
21.480126,14.355947,8.000000,0.807883
21.506821,14.388518,8.000000,0.808221
21.531996,14.421535,8.000000,0.808536
21.555571,14.454994,8.000000,0.808828
21.577462,14.488889,8.000000,0.809096
21.597587,14.523216,8.000000,0.809337
21.615863,14.557968,8.000000,0.809552
21.632207,14.593141,8.000000,0.809738
21.646538,14.628731,8.000000,0.809896
21.658772,14.664731,8.000000,0.810023
21.668828,14.701138,8.000000,0.810118
21.676621,14.737945,8.000000,0.810180
21.682071,14.775147,8.000000,0.810208
21.685095,14.812741,8.000000,0.810202
21.685609,14.850720,8.000000,0.810159
21.683532,14.889079,8.000000,0.810078
21.678781,14.927814,8.000000,0.809959
21.671338,14.966898,8.000000,0.809801
21.661318,15.006261,8.000000,0.809604
21.648852,15.045827,8.000000,0.809372
21.634071,15.085522,8.000000,0.809104
21.617106,15.125269,8.000000,0.808802
21.598089,15.164993,8.000000,0.808468
21.577150,15.204619,8.000000,0.808103
21.554421,15.244070,8.000000,0.807709
21.530033,15.283273,8.000000,0.807286
21.504117,15.322151,8.000000,0.806837
21.476805,15.360629,8.000000,0.806361
21.448226,15.398630,8.000000,0.805862
21.418514,15.436081,8.000000,0.805340
21.387798,15.472905,8.000000,0.804797
21.356210,15.509027,8.000000,0.804234
21.323881,15.544371,8.000000,0.803652
21.290943,15.578862,8.000000,0.803053
21.257526,15.612425,8.000000,0.802438
21.223761,15.644984,8.000000,0.801808
21.189780,15.676463,8.000000,0.801166
21.155714,15.706787,8.000000,0.800511
21.121695,15.735881,8.000000,0.799847
21.087852,15.763669,8.000000,0.799173
21.054318,15.790075,8.000000,0.798492
21.021223,15.815025,8.000000,0.797805
20.988700,15.838442,8.000000,0.797113
20.956878,15.860252,8.000000,0.796417
20.925889,15.880378,8.000000,0.795719
20.895864,15.898745,8.000000,0.795021
20.866935,15.915279,8.000000,0.794323
20.839233,15.929902,8.000000,0.793628
20.812888,15.942541,8.000000,0.792936
20.788032,15.953119,8.000000,0.792248
20.764796,15.961560,8.000000,0.791567
20.743312,15.967791,8.000000,0.790893
20.723710,15.971734,8.000000,0.790229
20.706121,15.973315,8.000000,0.789574
20.690677,15.972457,8.000000,0.788932
20.677509,15.969087,8.000000,0.788302
20.666748,15.963127,8.000000,0.787687
20.658526,15.954503,8.000000,0.787087
20.652972,15.943139,8.000000,0.786505
20.650220,15.928960,8.000000,0.785942
20.650399,15.911890,8.000000,0.785398
20.653641,15.891853,8.000000,0.784876
20.660077,15.868775,8.000000,0.784376
20.669838,15.842580,8.000000,0.783901
20.683056,15.813192,8.000000,0.783451
20.699831,15.780553,8.000000,0.783028
20.720071,15.744718,8.000000,0.782632
20.743604,15.705787,8.000000,0.782262
20.770258,15.663861,8.000000,0.781920
20.799861,15.619039,8.000000,0.781604
20.832242,15.571421,8.000000,0.781315
20.867228,15.521109,8.000000,0.781053
20.904649,15.468202,8.000000,0.780817
20.944332,15.412800,8.000000,0.780608
20.986105,15.355005,8.000000,0.780425
21.029798,15.294915,8.000000,0.780268
21.075237,15.232632,8.000000,0.780138
21.122251,15.168255,8.000000,0.780034
21.170669,15.101885,8.000000,0.779956
21.220318,15.033622,8.000000,0.779904
21.271027,14.963567,8.000000,0.779878
21.322625,14.891819,8.000000,0.779877
21.374938,14.818479,8.000000,0.779903
21.427797,14.743647,8.000000,0.779954
21.481028,14.667424,8.000000,0.780031
21.534460,14.589909,8.000000,0.780134
21.587921,14.511203,8.000000,0.780262
21.641240,14.431406,8.000000,0.780416
21.694245,14.350619,8.000000,0.780595
21.746763,14.268941,8.000000,0.780799
21.798624,14.186473,8.000000,0.781028
21.849655,14.103316,8.000000,0.781283
21.899685,14.019569,8.000000,0.781562
21.948542,13.935332,8.000000,0.781867
21.996054,13.850707,8.000000,0.782197
22.042049,13.765792,8.000000,0.782551
22.086355,13.680689,8.000000,0.782930
22.128802,13.595498,8.000000,0.783334
22.169217,13.510319,8.000000,0.783762
22.207427,13.425252,8.000000,0.784215
22.243263,13.340398,8.000000,0.784693
22.276551,13.255856,8.000000,0.785194
22.307120,13.171727,8.000000,0.785720
22.334798,13.088112,8.000000,0.786271
22.359413,13.005110,8.000000,0.786845
22.380795,12.922822,8.000000,0.787444
22.398770,12.841347,8.000000,0.788066
22.413167,12.760788,8.000000,0.788713
22.423815,12.681242,8.000000,0.789383
22.430541,12.602812,8.000000,0.790077
22.433174,12.525596,8.000000,0.790795
22.431542,12.449696,8.000000,0.791537
22.425473,12.375212,8.000000,0.792302
22.414801,12.302242,8.000000,0.793091
22.399506,12.230856,8.000000,0.793902
22.379736,12.161088,8.000000,0.794737
22.355648,12.092971,8.000000,0.795595
22.327399,12.026537,8.000000,0.796475
22.295146,11.961819,8.000000,0.797377
22.259045,11.898850,8.000000,0.798301
22.219255,11.837663,8.000000,0.799246
22.175931,11.778289,8.000000,0.800212
22.129230,11.720762,8.000000,0.801199
22.079310,11.665114,8.000000,0.802207
22.026327,11.611378,8.000000,0.803235
21.970439,11.559586,8.000000,0.804283
21.911802,11.509772,8.000000,0.805351
21.850573,11.461967,8.000000,0.806437
21.786909,11.416204,8.000000,0.807543
21.720967,11.372517,8.000000,0.808668
21.652904,11.330937,8.000000,0.809810
21.582876,11.291497,8.000000,0.810971
21.511042,11.254230,8.000000,0.812150
21.437557,11.219168,8.000000,0.813346
21.362579,11.186345,8.000000,0.814559
21.286264,11.155792,8.000000,0.815789
21.208770,11.127543,8.000000,0.817036
21.130253,11.101630,8.000000,0.818299
21.050870,11.078085,8.000000,0.819577
20.970779,11.056942,8.000000,0.820872
20.890136,11.038232,8.000000,0.822181
20.809097,11.021989,8.000000,0.823506
20.727821,11.008245,8.000000,0.824845
20.646464,10.997033,8.000000,0.826199
20.565182,10.988385,8.000000,0.827566
20.484133,10.982334,8.000000,0.828948
20.403474,10.978913,8.000000,0.830343
20.323361,10.978154,8.000000,0.831751
20.243952,10.980090,8.000000,0.833171
20.165404,10.984753,8.000000,0.834605
20.087872,10.992177,8.000000,0.836050
20.011515,11.002393,8.000000,0.837507
19.936489,11.015435,8.000000,0.838976
19.862951,11.031335,8.000000,0.840457
19.791058,11.050125,8.000000,0.841948
19.720968,11.071839,8.000000,0.843450
19.652836,11.096508,8.000000,0.844962
19.586819,11.124166,8.000000,0.846484
19.523076,11.154846,8.000000,0.848016
19.461762,11.188579,8.000000,0.849558
19.403035,11.225398,8.000000,0.851108
19.347051,11.265337,8.000000,0.852667
19.293918,11.308395,8.000000,0.854235
19.243580,11.354466,8.000000,0.855810
19.195947,11.403423,8.000000,0.857392
19.150930,11.455138,8.000000,0.858979
19.108439,11.509482,8.000000,0.860570
19.068385,11.566328,8.000000,0.862164
19.030677,11.625547,8.000000,0.863761
18.995227,11.687013,8.000000,0.865359
18.961945,11.750597,8.000000,0.866957
18.930740,11.816171,8.000000,0.868554
18.901525,11.883607,8.000000,0.870150
18.874208,11.952777,8.000000,0.871742
18.848701,12.023554,8.000000,0.873330
18.824913,12.095809,8.000000,0.874914
18.802756,12.169415,8.000000,0.876492
18.782139,12.244243,8.000000,0.878062
18.762973,12.320167,8.000000,0.879624
18.745168,12.397057,8.000000,0.881178
18.728636,12.474786,8.000000,0.882721
18.713285,12.553226,8.000000,0.884253
18.699027,12.632249,8.000000,0.885772
18.685773,12.711727,8.000000,0.887279
18.673431,12.791533,8.000000,0.888771
18.661914,12.871538,8.000000,0.890248
18.651130,12.951614,8.000000,0.891708
18.640992,13.031634,8.000000,0.893151
18.631408,13.111470,8.000000,0.894576
18.622290,13.190993,8.000000,0.895981
18.613548,13.270076,8.000000,0.897366
18.605092,13.348591,8.000000,0.898729
18.596832,13.426411,8.000000,0.900070
18.588680,13.503406,8.000000,0.901387
18.580545,13.579449,8.000000,0.902680
18.572338,13.654413,8.000000,0.903947
18.563970,13.728169,8.000000,0.905187
18.555350,13.800589,8.000000,0.906399
18.546389,13.871546,8.000000,0.907583
18.536998,13.940912,8.000000,0.908737
18.527086,14.008558,8.000000,0.909860
18.516565,14.074358,8.000000,0.910951
18.505345,14.138182,8.000000,0.912009
18.493336,14.199903,8.000000,0.913034
18.480448,14.259393,8.000000,0.914023
18.466593,14.316524,8.000000,0.914977
18.451679,14.371169,8.000000,0.915893
18.435619,14.423198,8.000000,0.916771
18.418322,14.472486,8.000000,0.917611
18.399698,14.518903,8.000000,0.918410
18.379668,14.562330,8.000000,0.919168
18.358258,14.602741,8.000000,0.919886
18.335562,14.640169,8.000000,0.920565
18.311674,14.674649,8.000000,0.921206
18.286690,14.706214,8.000000,0.921812
18.260703,14.734899,8.000000,0.922383
18.233809,14.760737,8.000000,0.922922
18.206103,14.783762,8.000000,0.923429
18.177678,14.804008,8.000000,0.923907
18.148630,14.821510,8.000000,0.924356
18.119053,14.836301,8.000000,0.924779
18.089042,14.848416,8.000000,0.925177
18.058692,14.857887,8.000000,0.925552
18.028096,14.864750,8.000000,0.925904
17.997351,14.869038,8.000000,0.926237
17.966551,14.870786,8.000000,0.926550
17.935789,14.870026,8.000000,0.926846
17.905162,14.866794,8.000000,0.927126
17.874763,14.861123,8.000000,0.927392
17.844688,14.853047,8.000000,0.927645
17.815030,14.842601,8.000000,0.927887
17.785885,14.829817,8.000000,0.928119
17.757347,14.814731,8.000000,0.928343
17.729512,14.797376,8.000000,0.928561
17.702473,14.777786,8.000000,0.928773
17.676325,14.755995,8.000000,0.928983
17.651163,14.732037,8.000000,0.929190
17.627082,14.705947,8.000000,0.929397
17.604176,14.677757,8.000000,0.929605
17.582540,14.647503,8.000000,0.929815
17.562269,14.615218,8.000000,0.930030
17.543457,14.580936,8.000000,0.930251
17.526200,14.544690,8.000000,0.930479
17.510590,14.506516,8.000000,0.930716
17.496725,14.466447,8.000000,0.930963
17.484697,14.424517,8.000000,0.931222
17.474602,14.380760,8.000000,0.931495
17.466534,14.335210,8.000000,0.931782
17.460588,14.287901,8.000000,0.932086
17.456859,14.238867,8.000000,0.932409
17.455441,14.188142,8.000000,0.932751
17.456429,14.135760,8.000000,0.933114
17.459918,14.081755,8.000000,0.933499
17.466003,14.026161,8.000000,0.933909
17.474777,13.969012,8.000000,0.934345
17.486336,13.910342,8.000000,0.934808
17.500775,13.850185,8.000000,0.935300
17.518187,13.788574,8.000000,0.935823
17.538668,13.725545,8.000000,0.936377
17.562249,13.661147,8.000000,0.936964
17.588858,13.595459,8.000000,0.937582
17.618410,13.528561,8.000000,0.938231
17.650822,13.460535,8.000000,0.938909
17.686008,13.391461,8.000000,0.939614
17.723886,13.321421,8.000000,0.940347
17.764370,13.250496,8.000000,0.941104
17.807378,13.178766,8.000000,0.941886
17.852824,13.106313,8.000000,0.942691
17.900625,13.033217,8.000000,0.943517
17.950696,12.959560,8.000000,0.944364
18.002954,12.885423,8.000000,0.945231
18.057315,12.810887,8.000000,0.946115
18.113693,12.736032,8.000000,0.947017
18.172006,12.660940,8.000000,0.947934
18.232170,12.585692,8.000000,0.948865
18.294099,12.510369,8.000000,0.949810
18.357710,12.435051,8.000000,0.950767
18.422919,12.359820,8.000000,0.951735
18.489642,12.284757,8.000000,0.952713
18.557795,12.209942,8.000000,0.953698
18.627293,12.135458,8.000000,0.954692
18.698053,12.061384,8.000000,0.955691
18.769990,11.987802,8.000000,0.956694
18.843021,11.914793,8.000000,0.957702
18.917061,11.842438,8.000000,0.958711
18.992026,11.770817,8.000000,0.959722
19.067832,11.700013,8.000000,0.960733
19.144395,11.630105,8.000000,0.961742
19.221631,11.561175,8.000000,0.962749
19.299456,11.493305,8.000000,0.963753
19.377785,11.426574,8.000000,0.964751
19.456536,11.361064,8.000000,0.965743
19.535623,11.296856,8.000000,0.966728
19.614962,11.234031,8.000000,0.967704
19.694469,11.172670,8.000000,0.968670
19.774061,11.112854,8.000000,0.969626
19.853654,11.054664,8.000000,0.970569
19.933162,10.998181,8.000000,0.971499
20.012502,10.943486,8.000000,0.972414
20.091590,10.890660,8.000000,0.973313
20.170342,10.839785,8.000000,0.974195
20.248674,10.790940,8.000000,0.975059
20.326502,10.744207,8.000000,0.975903
20.403741,10.699668,8.000000,0.976726
20.480307,10.657402,8.000000,0.977528
20.556117,10.617492,8.000000,0.978307
20.631087,10.580018,8.000000,0.979061
20.705137,10.545050,8.000000,0.979789
20.778218,10.512607,8.000000,0.980492
20.850292,10.482686,8.000000,0.981170
20.921319,10.455286,8.000000,0.981821
20.991261,10.430407,8.000000,0.982447
21.060077,10.408045,8.000000,0.983047
21.127728,10.388202,8.000000,0.983621
21.194176,10.370874,8.000000,0.984169
21.259380,10.356060,8.000000,0.984691
21.323303,10.343760,8.000000,0.985188
21.385904,10.333973,8.000000,0.985658
21.447144,10.326695,8.000000,0.986103
21.506985,10.321928,8.000000,0.986522
21.565386,10.319668,8.000000,0.986915
21.622309,10.319916,8.000000,0.987281
21.677714,10.322669,8.000000,0.987622
21.731563,10.327926,8.000000,0.987937
21.783815,10.335686,8.000000,0.988226
21.834433,10.345948,8.000000,0.988488
21.883375,10.358710,8.000000,0.988725
21.930604,10.373971,8.000000,0.988935
21.976080,10.391730,8.000000,0.989120
22.019764,10.411985,8.000000,0.989278
22.061616,10.434735,8.000000,0.989410
22.101598,10.459979,8.000000,0.989516
22.139670,10.487716,8.000000,0.989596
22.175792,10.517944,8.000000,0.989649
22.209926,10.550661,8.000000,0.989676
22.242033,10.585867,8.000000,0.989677
22.272073,10.623561,8.000000,0.989652
22.300006,10.663741,8.000000,0.989600
22.325795,10.706405,8.000000,0.989522
22.349399,10.751552,8.000000,0.989418
22.370779,10.799182,8.000000,0.989287
22.389896,10.849292,8.000000,0.989130
22.406711,10.901882,8.000000,0.988946
22.421184,10.956950,8.000000,0.988736
22.433277,11.014495,8.000000,0.988500
22.442949,11.074515,8.000000,0.988237
22.450163,11.137010,8.000000,0.987947
22.454878,11.201977,8.000000,0.987631
22.457056,11.269416,8.000000,0.987289
22.456657,11.339326,8.000000,0.986920
22.453641,11.411704,8.000000,0.986524
22.447971,11.486551,8.000000,0.986102
22.439606,11.563863,8.000000,0.985653
22.428507,11.643641,8.000000,0.985178
22.414635,11.725882,8.000000,0.984676
22.397953,11.810584,8.000000,0.984147
22.378489,11.897680,8.000000,0.983592
22.356326,11.987051,8.000000,0.983012
22.331553,12.078570,8.000000,0.982408
22.304257,12.172116,8.000000,0.981780
22.274527,12.267562,8.000000,0.981131
22.242449,12.364786,8.000000,0.980460
22.208113,12.463663,8.000000,0.979769
22.171605,12.564069,8.000000,0.979060
22.133014,12.665880,8.000000,0.978332
22.092427,12.768971,8.000000,0.977587
22.049932,12.873219,8.000000,0.976825
22.005617,12.978500,8.000000,0.976049
21.959569,13.084688,8.000000,0.975259
21.911877,13.191661,8.000000,0.974456
21.862628,13.299294,8.000000,0.973640
21.811911,13.407463,8.000000,0.972814
21.759812,13.516044,8.000000,0.971977
21.706420,13.624913,8.000000,0.971132
21.651822,13.733945,8.000000,0.970278
21.596107,13.843017,8.000000,0.969418
21.539361,13.952004,8.000000,0.968551
21.481674,14.060783,8.000000,0.967680
21.423132,14.169228,8.000000,0.966804
21.363823,14.277217,8.000000,0.965926
21.303836,14.384624,8.000000,0.965046
21.243258,14.491326,8.000000,0.964164
21.182177,14.597199,8.000000,0.963283
21.120680,14.702119,8.000000,0.962403
21.058856,14.805960,8.000000,0.961524
20.996792,14.908600,8.000000,0.960649
20.934576,15.009915,8.000000,0.959778
20.872295,15.109779,8.000000,0.958912
20.810039,15.208069,8.000000,0.958052
20.747894,15.304661,8.000000,0.957200
20.685948,15.399431,8.000000,0.956355
20.624289,15.492254,8.000000,0.955520
20.563005,15.583006,8.000000,0.954694
20.502183,15.671564,8.000000,0.953880
20.441912,15.757803,8.000000,0.953078
20.382279,15.841599,8.000000,0.952289
20.323372,15.922829,8.000000,0.951514
20.265279,16.001366,8.000000,0.950755
20.208087,16.077089,8.000000,0.950011
20.151885,16.149872,8.000000,0.949285
20.096760,16.219592,8.000000,0.948577
20.042800,16.286124,8.000000,0.947889
19.990093,16.349344,8.000000,0.947220
19.938727,16.409128,8.000000,0.946573
19.888773,16.465401,8.000000,0.945947
19.840264,16.518218,8.000000,0.945342
19.793222,16.567657,8.000000,0.944757
19.747672,16.613797,8.000000,0.944190
19.703638,16.656715,8.000000,0.943640
19.661144,16.696489,8.000000,0.943105
19.620213,16.733199,8.000000,0.942586
19.580870,16.766921,8.000000,0.942079
19.543138,16.797734,8.000000,0.941585
19.507041,16.825716,8.000000,0.941102
19.472603,16.850946,8.000000,0.940628
19.439849,16.873500,8.000000,0.940163
19.408801,16.893458,8.000000,0.939704
19.379484,16.910898,8.000000,0.939252
19.351922,16.925897,8.000000,0.938805
19.326138,16.938533,8.000000,0.938361
19.302157,16.948886,8.000000,0.937920
19.280003,16.957032,8.000000,0.937479
19.259698,16.963051,8.000000,0.937038
19.241268,16.967019,8.000000,0.936596
19.224737,16.969016,8.000000,0.936151
19.210127,16.969119,8.000000,0.935703
19.197463,16.967407,8.000000,0.935249
19.186768,16.963957,8.000000,0.934789
19.178068,16.958848,8.000000,0.934322
19.171385,16.952158,8.000000,0.933845
19.166744,16.943964,8.000000,0.933359
19.164168,16.934346,8.000000,0.932861
19.163682,16.923380,8.000000,0.932351
19.165308,16.911146,8.000000,0.931827
19.169072,16.897721,8.000000,0.931289
19.174997,16.883184,8.000000,0.930734
19.183106,16.867612,8.000000,0.930162
19.193425,16.851084,8.000000,0.929571
19.205976,16.833677,8.000000,0.928960
19.220784,16.815471,8.000000,0.928329
19.237872,16.796542,8.000000,0.927675
19.257265,16.776969,8.000000,0.926997
19.278986,16.756831,8.000000,0.926295
19.303059,16.736205,8.000000,0.925566
19.329509,16.715169,8.000000,0.924811
19.358358,16.693802,8.000000,0.924027
19.389632,16.672182,8.000000,0.923213
19.423353,16.650386,8.000000,0.922369
19.459546,16.628493,8.000000,0.921492
19.498234,16.606581,8.000000,0.920582
19.539442,16.584728,8.000000,0.919638
19.583193,16.563012,8.000000,0.918657
19.629501,16.541506,8.000000,0.917640
19.678283,16.520228,8.000000,0.916587
19.729405,16.499171,8.000000,0.915500
19.782735,16.478324,8.000000,0.914382
19.838138,16.457681,8.000000,0.913233
19.895482,16.437231,8.000000,0.912058
19.954631,16.416966,8.000000,0.910856
20.015453,16.396877,8.000000,0.909631
20.077815,16.376956,8.000000,0.908385
20.141581,16.357193,8.000000,0.907119
20.206620,16.337581,8.000000,0.905836
20.272797,16.318109,8.000000,0.904538
20.339979,16.298770,8.000000,0.903226
20.408032,16.279554,8.000000,0.901903
20.476823,16.260453,8.000000,0.900571
20.546217,16.241457,8.000000,0.899233
20.616082,16.222560,8.000000,0.897889
20.686283,16.203750,8.000000,0.896542
20.756687,16.185020,8.000000,0.895194
20.827161,16.166361,8.000000,0.893847
20.897571,16.147764,8.000000,0.892504
20.967783,16.129220,8.000000,0.891166
21.037664,16.110720,8.000000,0.889835
21.107080,16.092257,8.000000,0.888514
21.175898,16.073820,8.000000,0.887204
21.243983,16.055401,8.000000,0.885908
21.311202,16.036992,8.000000,0.884627
21.377423,16.018583,8.000000,0.883364
21.442510,16.000166,8.000000,0.882120
21.506331,15.981732,8.000000,0.880898
21.568751,15.963272,8.000000,0.879700
21.629638,15.944778,8.000000,0.878528
21.688858,15.926240,8.000000,0.877384
21.746277,15.907650,8.000000,0.876269
21.801761,15.888999,8.000000,0.875187
21.855177,15.870279,8.000000,0.874139
21.906391,15.851480,8.000000,0.873127
21.955270,15.832593,8.000000,0.872153
22.001679,15.813611,8.000000,0.871219
22.045487,15.794524,8.000000,0.870328
22.086558,15.775323,8.000000,0.869480
22.124759,15.756000,8.000000,0.868680
22.159957,15.736545,8.000000,0.867927
22.192018,15.716951,8.000000,0.867226
22.220809,15.697208,8.000000,0.866577
22.246195,15.677307,8.000000,0.865982
22.268044,15.657240,8.000000,0.865444
22.286221,15.636998,8.000000,0.864965
22.300595,15.616572,8.000000,0.864547
22.311129,15.595963,8.000000,0.864190
22.317927,15.575185,8.000000,0.863893
22.321101,15.554253,8.000000,0.863656
22.320767,15.533183,8.000000,0.863477
22.317037,15.511988,8.000000,0.863354
22.310027,15.490686,8.000000,0.863287
22.299849,15.469290,8.000000,0.863274
22.286618,15.447816,8.000000,0.863314
22.270448,15.426279,8.000000,0.863405
22.251452,15.404694,8.000000,0.863547
22.229745,15.383077,8.000000,0.863738
22.205440,15.361442,8.000000,0.863977
22.178651,15.339804,8.000000,0.864263
22.149493,15.318180,8.000000,0.864594
22.118079,15.296583,8.000000,0.864969
22.084523,15.275029,8.000000,0.865387
22.048939,15.253534,8.000000,0.865847
22.011441,15.232112,8.000000,0.866347
21.972143,15.210779,8.000000,0.866886
21.931159,15.189549,8.000000,0.867463
21.888602,15.168438,8.000000,0.868077
21.844588,15.147461,8.000000,0.868726
21.799228,15.126634,8.000000,0.869410
21.752639,15.105970,8.000000,0.870126
21.704933,15.085486,8.000000,0.870874
21.656224,15.065197,8.000000,0.871652
21.606626,15.045117,8.000000,0.872460
21.556254,15.025262,8.000000,0.873295
21.505221,15.005648,8.000000,0.874157
21.453641,14.986288,8.000000,0.875044
21.401628,14.967199,8.000000,0.875956
21.349296,14.948396,8.000000,0.876890
21.296758,14.929893,8.000000,0.877846
21.244130,14.911705,8.000000,0.878823
21.191524,14.893849,8.000000,0.879818
21.139055,14.876339,8.000000,0.880832
21.086836,14.859190,8.000000,0.881862
21.034982,14.842418,8.000000,0.882907
20.983607,14.826037,8.000000,0.883967
20.932823,14.810063,8.000000,0.885039
20.882746,14.794511,8.000000,0.886123
20.833489,14.779395,8.000000,0.887217
20.785166,14.764732,8.000000,0.888321
20.737892,14.750536,8.000000,0.889432
20.691779,14.736823,8.000000,0.890550
20.646942,14.723607,8.000000,0.891673
20.603495,14.710905,8.000000,0.892801
20.561551,14.698730,8.000000,0.893931
20.521207,14.687097,8.000000,0.895063
20.482475,14.676022,8.000000,0.896196
20.445347,14.665517,8.000000,0.897328
20.409813,14.655595,8.000000,0.898460
20.375864,14.646272,8.000000,0.899589
20.343492,14.637559,8.000000,0.900716
20.312687,14.629470,8.000000,0.901839
20.283440,14.622020,8.000000,0.902957
20.255742,14.615222,8.000000,0.904070
20.229584,14.609089,8.000000,0.905176
20.204957,14.603634,8.000000,0.906275
20.181852,14.598873,8.000000,0.907366
20.160259,14.594817,8.000000,0.908447
20.140170,14.591481,8.000000,0.909519
20.121576,14.588878,8.000000,0.910580
20.104467,14.587022,8.000000,0.911629
20.088835,14.585926,8.000000,0.912666
20.074670,14.585604,8.000000,0.913689
20.061964,14.586070,8.000000,0.914697
20.050706,14.587336,8.000000,0.915690
20.040889,14.589418,8.000000,0.916667
20.032503,14.592327,8.000000,0.917627
20.025539,14.596079,8.000000,0.918569
20.019988,14.600685,8.000000,0.919492
20.015841,14.606161,8.000000,0.920395
20.013088,14.612519,8.000000,0.921278
20.011721,14.619774,8.000000,0.922139
20.011731,14.627938,8.000000,0.922978
20.013109,14.637025,8.000000,0.923793
20.015845,14.647049,8.000000,0.924584
20.019930,14.658023,8.000000,0.925350
20.025356,14.669962,8.000000,0.926090
20.032113,14.682878,8.000000,0.926803
20.040192,14.696785,8.000000,0.927488
20.049585,14.711697,8.000000,0.928145
20.060281,14.727627,8.000000,0.928772
20.072273,14.744589,8.000000,0.929368
20.085550,14.762597,8.000000,0.929934
20.100105,14.781663,8.000000,0.930467
20.115927,14.801802,8.000000,0.930967
20.133007,14.823028,8.000000,0.931432
20.151338,14.845353,8.000000,0.931863
20.170909,14.868791,8.000000,0.932259
20.191711,14.893356,8.000000,0.932617
20.213736,14.919062,8.000000,0.932938
20.236974,14.945922,8.000000,0.933221
20.261417,14.973949,8.000000,0.933464
20.287054,15.003158,8.000000,0.933667
20.313875,15.033559,8.000000,0.933828
20.341823,15.065132,8.000000,0.933949
20.370804,15.097828,8.000000,0.934029
20.400724,15.131599,8.000000,0.934069
20.431489,15.166395,8.000000,0.934070
20.463005,15.202169,8.000000,0.934032
20.495178,15.238871,8.000000,0.933955
20.527913,15.276452,8.000000,0.933841
20.561116,15.314864,8.000000,0.933690
20.594694,15.354059,8.000000,0.933502
20.628551,15.393986,8.000000,0.933278
20.662595,15.434598,8.000000,0.933019
20.696729,15.475845,8.000000,0.932725
20.730861,15.517679,8.000000,0.932397
20.764896,15.560052,8.000000,0.932035
20.798740,15.602913,8.000000,0.931640
20.832299,15.646216,8.000000,0.931213
20.865478,15.689910,8.000000,0.930754
20.898183,15.733947,8.000000,0.930264
20.930321,15.778278,8.000000,0.929743
20.961797,15.822855,8.000000,0.929191
20.992516,15.867628,8.000000,0.928610
21.022385,15.912549,8.000000,0.928001
21.051310,15.957570,8.000000,0.927362
21.079195,16.002641,8.000000,0.926696
21.105948,16.047713,8.000000,0.926003
21.131473,16.092738,8.000000,0.925283
21.155677,16.137668,8.000000,0.924537
21.178465,16.182452,8.000000,0.923766
21.199744,16.227043,8.000000,0.922969
21.219419,16.271392,8.000000,0.922149
21.237395,16.315450,8.000000,0.921304
21.253579,16.359168,8.000000,0.920436
21.267877,16.402497,8.000000,0.919546
21.280194,16.445389,8.000000,0.918634
21.290435,16.487795,8.000000,0.917700
21.298508,16.529666,8.000000,0.916745
21.304318,16.570954,8.000000,0.915771
21.307770,16.611608,8.000000,0.914776
21.308770,16.651582,8.000000,0.913762
21.307224,16.690826,8.000000,0.912730
21.303038,16.729290,8.000000,0.911680
21.296118,16.766928,8.000000,0.910613
21.286370,16.803689,8.000000,0.909528
21.273699,16.839525,8.000000,0.908428
21.258010,16.874387,8.000000,0.907312
21.239211,16.908226,8.000000,0.906181
21.217207,16.940994,8.000000,0.905035
21.191903,16.972642,8.000000,0.903876
21.163274,17.003134,8.000000,0.902703
21.131445,17.032463,8.000000,0.901517
21.096563,17.060629,8.000000,0.900320
21.058776,17.087627,8.000000,0.899111
21.018231,17.113457,8.000000,0.897891
20.975075,17.138116,8.000000,0.896661
20.929455,17.161602,8.000000,0.895421
20.881519,17.183912,8.000000,0.894172
20.831413,17.205044,8.000000,0.892915
20.779284,17.224997,8.000000,0.891650
20.725281,17.243767,8.000000,0.890378
20.669550,17.261353,8.000000,0.889100
20.612238,17.277752,8.000000,0.887815
20.553492,17.292963,8.000000,0.886526
20.493461,17.306982,8.000000,0.885231
20.432290,17.319809,8.000000,0.883933
20.370127,17.331439,8.000000,0.882631
20.307119,17.341872,8.000000,0.881326
20.243414,17.351106,8.000000,0.880019
20.179159,17.359137,8.000000,0.878710
20.114500,17.365963,8.000000,0.877400
20.049585,17.371583,8.000000,0.876090
19.984561,17.375995,8.000000,0.874780
19.919576,17.379195,8.000000,0.873471
19.854776,17.381182,8.000000,0.872164
19.790309,17.381954,8.000000,0.870858
19.726322,17.381508,8.000000,0.869556
19.662962,17.379842,8.000000,0.868256
19.600376,17.376954,8.000000,0.866960
19.538711,17.372841,8.000000,0.865669
19.478115,17.367502,8.000000,0.864383
19.418735,17.360935,8.000000,0.863103
19.360718,17.353136,8.000000,0.861829
19.304212,17.344104,8.000000,0.860563
19.249362,17.333837,8.000000,0.859303
19.196317,17.322332,8.000000,0.858052
19.145224,17.309587,8.000000,0.856810
19.096230,17.295600,8.000000,0.855577
19.049482,17.280368,8.000000,0.854355
19.005127,17.263891,8.000000,0.853143
18.963313,17.246164,8.000000,0.851942
18.924186,17.227186,8.000000,0.850753
18.887894,17.206956,8.000000,0.849577
18.854584,17.185470,8.000000,0.848414
18.824404,17.162726,8.000000,0.847264
18.797500,17.138722,8.000000,0.846129
18.774019,17.113456,8.000000,0.845009
18.754109,17.086926,8.000000,0.843905
18.737893,17.059131,8.000000,0.842816
18.725321,17.030079,8.000000,0.841745
18.716265,16.999781,8.000000,0.840691
18.710599,16.968250,8.000000,0.839655
18.708194,16.935499,8.000000,0.838637
18.708924,16.901539,8.000000,0.837639
18.712661,16.866382,8.000000,0.836660
18.719279,16.830040,8.000000,0.835701
18.728649,16.792526,8.000000,0.834764
18.740645,16.753852,8.000000,0.833847
18.755139,16.714029,8.000000,0.832953
18.772004,16.673070,8.000000,0.832082
18.791113,16.630987,8.000000,0.831233
18.812338,16.587792,8.000000,0.830408
18.835552,16.543497,8.000000,0.829608
18.860628,16.498114,8.000000,0.828833
18.887438,16.451655,8.000000,0.828083
18.915856,16.404133,8.000000,0.827359
18.945754,16.355559,8.000000,0.826662
18.977005,16.305946,8.000000,0.825992
19.009481,16.255306,8.000000,0.825350
19.043055,16.203650,8.000000,0.824736
19.077599,16.150991,8.000000,0.824151
19.112988,16.097341,8.000000,0.823596
19.149093,16.042712,8.000000,0.823071
19.185786,15.987116,8.000000,0.822577
19.222942,15.930566,8.000000,0.822114
19.260431,15.873073,8.000000,0.821683
19.298128,15.814649,8.000000,0.821284
19.335905,15.755307,8.000000,0.820919
19.373635,15.695058,8.000000,0.820587
19.411189,15.633916,8.000000,0.820289
19.448442,15.571891,8.000000,0.820026
19.485265,15.508996,8.000000,0.819799
19.521532,15.445243,8.000000,0.819607
19.557115,15.380644,8.000000,0.819452
19.591887,15.315211,8.000000,0.819334
19.625720,15.248957,8.000000,0.819254
19.658488,15.181893,8.000000,0.819212
19.690063,15.114032,8.000000,0.819209
19.720317,15.045385,8.000000,0.819245
19.749124,14.975965,8.000000,0.819321
19.776356,14.905783,8.000000,0.819438
19.801886,14.834853,8.000000,0.819596
19.825586,14.763186,8.000000,0.819796
19.847330,14.690794,8.000000,0.820039
19.866990,14.617689,8.000000,0.820324
19.884439,14.543883,8.000000,0.820652
19.899551,14.469389,8.000000,0.821025
19.912274,14.394244,8.000000,0.821441
19.922644,14.318511,8.000000,0.821899
19.930702,14.242257,8.000000,0.822398
19.936492,14.165550,8.000000,0.822935
19.940054,14.088454,8.000000,0.823509
19.941431,14.011038,8.000000,0.824117
19.940665,13.933367,8.000000,0.824759
19.937796,13.855507,8.000000,0.825433
19.932869,13.777527,8.000000,0.826136
19.925923,13.699491,8.000000,0.826867
19.917001,13.621466,8.000000,0.827625
19.906146,13.543519,8.000000,0.828407
19.893398,13.465717,8.000000,0.829212
19.878800,13.388125,8.000000,0.830038
19.862394,13.310811,8.000000,0.830884
19.844221,13.233841,8.000000,0.831747
19.824324,13.157281,8.000000,0.832626
19.802745,13.081198,8.000000,0.833520
19.779524,13.005658,8.000000,0.834425
19.754705,12.930729,8.000000,0.835342
19.728329,12.856475,8.000000,0.836267
19.700438,12.782965,8.000000,0.837200
19.671073,12.710264,8.000000,0.838138
19.640278,12.638439,8.000000,0.839079
19.608093,12.567557,8.000000,0.840023
19.574561,12.497684,8.000000,0.840967
19.539723,12.428886,8.000000,0.841910
19.503622,12.361229,8.000000,0.842849
19.466298,12.294782,8.000000,0.843784
19.427795,12.229609,8.000000,0.844711
19.388154,12.165778,8.000000,0.845631
19.347417,12.103355,8.000000,0.846540
19.305626,12.042406,8.000000,0.847437
19.262823,11.982999,8.000000,0.848321
19.219049,11.925199,8.000000,0.849189
19.174347,11.869073,8.000000,0.850040
19.128758,11.814687,8.000000,0.850873
19.082325,11.762108,8.000000,0.851685
19.035089,11.711403,8.000000,0.852474
18.987092,11.662638,8.000000,0.853239
18.938376,11.615880,8.000000,0.853979
18.888983,11.571195,8.000000,0.854691
18.838954,11.528649,8.000000,0.855374
18.788333,11.488309,8.000000,0.856026
18.737160,11.450242,8.000000,0.856645
18.685478,11.414514,8.000000,0.857230
18.633328,11.381191,8.000000,0.857778
18.580752,11.350341,8.000000,0.858289
18.527797,11.322001,8.000000,0.858760
18.474524,11.296113,8.000000,0.859192
18.420999,11.272594,8.000000,0.859585
18.367287,11.251361,8.000000,0.859941
18.313453,11.232332,8.000000,0.860258
18.259562,11.215424,8.000000,0.860538
18.205679,11.200554,8.000000,0.860781
18.151871,11.187641,8.000000,0.860988
18.098202,11.176601,8.000000,0.861159
18.044738,11.167352,8.000000,0.861294
17.991543,11.159811,8.000000,0.861394
17.938684,11.153897,8.000000,0.861460
17.886225,11.149526,8.000000,0.861492
17.834232,11.146616,8.000000,0.861489
17.782769,11.145084,8.000000,0.861454
17.731903,11.144848,8.000000,0.861386
17.681699,11.145826,8.000000,0.861285
17.632221,11.147934,8.000000,0.861153
17.583535,11.151091,8.000000,0.860990
17.535707,11.155213,8.000000,0.860795
17.488802,11.160219,8.000000,0.860570
17.442884,11.166025,8.000000,0.860315
17.398020,11.172549,8.000000,0.860030
17.354274,11.179709,8.000000,0.859716
17.311713,11.187423,8.000000,0.859374
17.270400,11.195606,8.000000,0.859003
17.230402,11.204178,8.000000,0.858605
17.191783,11.213056,8.000000,0.858179
17.154610,11.222156,8.000000,0.857727
17.118946,11.231397,8.000000,0.857248
17.084859,11.240696,8.000000,0.856743
17.052412,11.249970,8.000000,0.856213
17.021671,11.259137,8.000000,0.855658
16.992702,11.268114,8.000000,0.855078
16.965569,11.276820,8.000000,0.854474
16.940339,11.285170,8.000000,0.853847
16.917075,11.293083,8.000000,0.853196
16.895845,11.300477,8.000000,0.852523
16.876712,11.307268,8.000000,0.851827
16.859742,11.313375,8.000000,0.851110
16.845001,11.318714,8.000000,0.850371
16.832553,11.323203,8.000000,0.849611
16.822464,11.326760,8.000000,0.848831
16.814800,11.329302,8.000000,0.848031
16.809625,11.330747,8.000000,0.847211
16.807005,11.331011,8.000000,0.846372
16.807006,11.330013,8.000000,0.845515
16.809691,11.327670,8.000000,0.844640
16.815123,11.323908,8.000000,0.843747
16.823297,11.318749,8.000000,0.842837
16.834170,11.312285,8.000000,0.841911
16.847694,11.304608,8.000000,0.840972
16.863823,11.295811,8.000000,0.840019
16.882512,11.285986,8.000000,0.839054
16.903713,11.275224,8.000000,0.838078
16.927381,11.263619,8.000000,0.837093
16.953470,11.251262,8.000000,0.836100
16.981933,11.238246,8.000000,0.835099
17.012724,11.224663,8.000000,0.834093
17.045797,11.210605,8.000000,0.833081
17.081105,11.196165,8.000000,0.832067
17.118603,11.181434,8.000000,0.831050
17.158244,11.166505,8.000000,0.830032
17.199982,11.151471,8.000000,0.829014
17.243770,11.136423,8.000000,0.827997
17.289563,11.121454,8.000000,0.826983
17.337314,11.106656,8.000000,0.825972
17.386977,11.092122,8.000000,0.824967
17.438506,11.077942,8.000000,0.823967
17.491855,11.064211,8.000000,0.822975
17.546977,11.051020,8.000000,0.821992
17.603826,11.038461,8.000000,0.821018
17.662356,11.026626,8.000000,0.820055
17.722520,11.015609,8.000000,0.819105
17.784273,11.005500,8.000000,0.818167
17.847568,10.996393,8.000000,0.817245
17.912360,10.988380,8.000000,0.816338
17.978601,10.981552,8.000000,0.815448
18.046245,10.976002,8.000000,0.814576
18.115247,10.971823,8.000000,0.813724
18.185560,10.969107,8.000000,0.812892
18.257137,10.967945,8.000000,0.812082
18.329934,10.968430,8.000000,0.811295
18.403903,10.970655,8.000000,0.810532
18.478998,10.974712,8.000000,0.809794
18.555173,10.980692,8.000000,0.809084
18.632381,10.988689,8.000000,0.808401
18.710578,10.998794,8.000000,0.807747
18.789715,11.011100,8.000000,0.807123
18.869748,11.025698,8.000000,0.806531
18.950629,11.042682,8.000000,0.805971
19.032313,11.062143,8.000000,0.805445
19.114753,11.084174,8.000000,0.804954
19.197904,11.108867,8.000000,0.804500
19.281719,11.136315,8.000000,0.804083
19.366151,11.166608,8.000000,0.803704
19.451154,11.199840,8.000000,0.803366
19.536668,11.236030,8.000000,0.803068
19.622603,11.275065,8.000000,0.802809
19.708867,11.316815,8.000000,0.802588
19.795368,11.361149,8.000000,0.802403
19.882012,11.407940,8.000000,0.802255
19.968709,11.457056,8.000000,0.802141
20.055366,11.508370,8.000000,0.802060
20.141890,11.561750,8.000000,0.802012
20.228190,11.617069,8.000000,0.801994
20.314173,11.674195,8.000000,0.802006
20.399746,11.733001,8.000000,0.802046
20.484818,11.793355,8.000000,0.802113
20.569297,11.855130,8.000000,0.802207
20.653089,11.918194,8.000000,0.802326
20.736103,11.982419,8.000000,0.802468
20.818247,12.047676,8.000000,0.802632
20.899427,12.113834,8.000000,0.802818
20.979553,12.180764,8.000000,0.803024
21.058532,12.248337,8.000000,0.803249
21.136271,12.316423,8.000000,0.803492
21.212678,12.384893,8.000000,0.803751
21.287661,12.453617,8.000000,0.804025
21.361128,12.522466,8.000000,0.804314
21.432986,12.591310,8.000000,0.804615
21.503144,12.660020,8.000000,0.804928
21.571508,12.728465,8.000000,0.805251
21.637987,12.796518,8.000000,0.805584
21.702488,12.864047,8.000000,0.805925
21.764920,12.930925,8.000000,0.806273
21.825189,12.997020,8.000000,0.806626
21.883204,13.062204,8.000000,0.806984
21.938873,13.126347,8.000000,0.807345
21.992102,13.189320,8.000000,0.807709
22.042801,13.250993,8.000000,0.808073
22.090875,13.311237,8.000000,0.808437
22.136235,13.369922,8.000000,0.808799
22.178786,13.426918,8.000000,0.809159
22.218437,13.482096,8.000000,0.809515
22.255096,13.535328,8.000000,0.809866
22.288669,13.586482,8.000000,0.810210
22.319066,13.635430,8.000000,0.810547
22.346194,13.682042,8.000000,0.810876
22.369960,13.726188,8.000000,0.811194
22.390273,13.767740,8.000000,0.811501
22.407039,13.806567,8.000000,0.811796
22.420167,13.842541,8.000000,0.812078
22.429565,13.875531,8.000000,0.812345
22.435140,13.905408,8.000000,0.812596
22.436825,13.932070,8.000000,0.812830
22.434707,13.955584,8.000000,0.813048
22.428926,13.976075,8.000000,0.813250
22.419624,13.993670,8.000000,0.813438
22.406941,14.008495,8.000000,0.813612
22.391020,14.020677,8.000000,0.813773
22.372001,14.030341,8.000000,0.813923
22.350026,14.037615,8.000000,0.814061
22.325236,14.042624,8.000000,0.814190
22.297772,14.045496,8.000000,0.814309
22.267775,14.046355,8.000000,0.814421
22.235387,14.045330,8.000000,0.814525
22.200750,14.042545,8.000000,0.814623
22.164003,14.038129,8.000000,0.814716
22.125290,14.032206,8.000000,0.814804
22.084750,14.024904,8.000000,0.814889
22.042525,14.016348,8.000000,0.814971
21.998756,14.006665,8.000000,0.815051
21.953585,13.995982,8.000000,0.815131
21.907154,13.984425,8.000000,0.815211
21.859602,13.972120,8.000000,0.815292
21.811072,13.959193,8.000000,0.815375
21.761704,13.945772,8.000000,0.815461
21.711640,13.931982,8.000000,0.815551
21.661022,13.917950,8.000000,0.815646
21.609990,13.903802,8.000000,0.815747
21.558686,13.889665,8.000000,0.815854
21.507251,13.875664,8.000000,0.815969
21.455827,13.861927,8.000000,0.816092
21.404554,13.848580,8.000000,0.816225
21.353573,13.835749,8.000000,0.816368
21.303027,13.823560,8.000000,0.816522
21.253057,13.812140,8.000000,0.816688
21.203803,13.801615,8.000000,0.816868
21.155407,13.792112,8.000000,0.817062
21.108010,13.783757,8.000000,0.817270
21.061753,13.776677,8.000000,0.817495
21.016779,13.770997,8.000000,0.817736
20.973227,13.766844,8.000000,0.817995
20.931240,13.764345,8.000000,0.818273
20.890958,13.763626,8.000000,0.818570
20.852523,13.764813,8.000000,0.818888
20.816076,13.768033,8.000000,0.819227
20.781758,13.773413,8.000000,0.819589
20.749711,13.781077,8.000000,0.819974
20.720076,13.791154,8.000000,0.820383
20.692994,13.803768,8.000000,0.820817
20.668607,13.819048,8.000000,0.821277
20.647051,13.837112,8.000000,0.821764
20.628352,13.857948,8.000000,0.822279
20.612421,13.881397,8.000000,0.822820
20.599163,13.907296,8.000000,0.823387
20.588485,13.935481,8.000000,0.823980
20.580290,13.965789,8.000000,0.824598
20.574485,13.998057,8.000000,0.825242
20.570974,14.032120,8.000000,0.825909
20.569663,14.067815,8.000000,0.826600
20.570458,14.104979,8.000000,0.827315
20.573263,14.143448,8.000000,0.828052
20.577983,14.183059,8.000000,0.828812
20.584526,14.223647,8.000000,0.829594
20.592794,14.265050,8.000000,0.830397
20.602695,14.307103,8.000000,0.831221
20.614132,14.349644,8.000000,0.832065
20.627012,14.392508,8.000000,0.832930
20.641240,14.435533,8.000000,0.833814
20.656720,14.478554,8.000000,0.834716
20.673359,14.521408,8.000000,0.835638
20.691062,14.563931,8.000000,0.836577
20.709734,14.605960,8.000000,0.837534
20.729279,14.647332,8.000000,0.838508
20.749605,14.687882,8.000000,0.839498
20.770615,14.727447,8.000000,0.840505
20.792216,14.765864,8.000000,0.841527
20.814312,14.802969,8.000000,0.842564
20.836809,14.838598,8.000000,0.843616
20.859612,14.872588,8.000000,0.844681
20.882627,14.904776,8.000000,0.845761
20.905758,14.934997,8.000000,0.846854
20.928911,14.963088,8.000000,0.847959
20.951992,14.988887,8.000000,0.849077
20.974905,15.012228,8.000000,0.850206
20.997556,15.032948,8.000000,0.851346
21.019851,15.050885,8.000000,0.852498
21.041694,15.065874,8.000000,0.853659
21.062991,15.077752,8.000000,0.854830
21.083648,15.086355,8.000000,0.856011
21.103569,15.091519,8.000000,0.857200
21.122659,15.093082,8.000000,0.858398
21.140825,15.090880,8.000000,0.859604
21.157972,15.084748,8.000000,0.860816
21.174004,15.074524,8.000000,0.862036
21.188827,15.060043,8.000000,0.863262
21.202346,15.041143,8.000000,0.864494
21.214468,15.017660,8.000000,0.865732
21.225096,14.989430,8.000000,0.866974
21.234136,14.956289,8.000000,0.868221
21.241528,14.918162,8.000000,0.869471
21.247307,14.875229,8.000000,0.870726
21.251531,14.827724,8.000000,0.871985
21.254256,14.775876,8.000000,0.873247
21.255537,14.719918,8.000000,0.874512
21.255430,14.660080,8.000000,0.875782
21.253992,14.596594,8.000000,0.877054
21.251279,14.529691,8.000000,0.878330
21.247347,14.459601,8.000000,0.879610
21.242252,14.386558,8.000000,0.880892
21.236049,14.310791,8.000000,0.882177
21.228796,14.232532,8.000000,0.883465
21.220548,14.152012,8.000000,0.884756
21.211361,14.069463,8.000000,0.886050
21.201291,13.985115,8.000000,0.887346
21.190395,13.899200,8.000000,0.888645
21.178728,13.811949,8.000000,0.889946
21.166346,13.723594,8.000000,0.891249
21.153306,13.634365,8.000000,0.892555
21.139664,13.544494,8.000000,0.893863
21.125475,13.454212,8.000000,0.895173
21.110797,13.363751,8.000000,0.896484
21.095684,13.273341,8.000000,0.897798
21.080193,13.183214,8.000000,0.899113
21.064380,13.093601,8.000000,0.900430
21.048301,13.004733,8.000000,0.901748
21.032012,12.916842,8.000000,0.903068
21.015570,12.830159,8.000000,0.904389
20.999030,12.744915,8.000000,0.905711
20.982448,12.661341,8.000000,0.907035
20.965881,12.579669,8.000000,0.908359
20.949385,12.500129,8.000000,0.909684
20.933015,12.422953,8.000000,0.911010
20.916828,12.348373,8.000000,0.912337
20.900879,12.276619,8.000000,0.913665
20.885226,12.207923,8.000000,0.914992
20.869923,12.142516,8.000000,0.916321
20.855027,12.080629,8.000000,0.917649
20.840595,12.022494,8.000000,0.918978
20.826681,11.968341,8.000000,0.920307
20.813343,11.918403,8.000000,0.921636
20.800636,11.872909,8.000000,0.922965
20.788617,11.832092,8.000000,0.924294
20.777341,11.796183,8.000000,0.925623
20.766864,11.765413,8.000000,0.926951
20.757244,11.740013,8.000000,0.928278
20.748534,11.720214,8.000000,0.929605
20.740793,11.706248,8.000000,0.930932
20.734068,11.698320,8.000000,0.932257
20.728335,11.696377,8.000000,0.933582
20.723525,11.700220,8.000000,0.934904
20.719572,11.709644,8.000000,0.936225
20.716408,11.724449,8.000000,0.937542
20.713964,11.744430,8.000000,0.938856
20.712173,11.769386,8.000000,0.940167
20.710967,11.799114,8.000000,0.941473
20.710278,11.833412,8.000000,0.942773
20.710039,11.872077,8.000000,0.944069
20.710181,11.914907,8.000000,0.945358
20.710637,11.961698,8.000000,0.946641
20.711338,12.012249,8.000000,0.947916
20.712218,12.066357,8.000000,0.949184
20.713207,12.123819,8.000000,0.950444
20.714239,12.184433,8.000000,0.951695
20.715246,12.247997,8.000000,0.952936
20.716159,12.314307,8.000000,0.954168
20.716911,12.383162,8.000000,0.955389
20.717434,12.454358,8.000000,0.956600
20.717660,12.527693,8.000000,0.957799
20.717522,12.602966,8.000000,0.958986
20.716951,12.679972,8.000000,0.960160
20.715880,12.758510,8.000000,0.961321
20.714241,12.838377,8.000000,0.962469
20.711965,12.919371,8.000000,0.963602
20.708986,13.001288,8.000000,0.964721
20.705235,13.083927,8.000000,0.965824
20.700645,13.167085,8.000000,0.966912
20.695148,13.250560,8.000000,0.967983
20.688675,13.334148,8.000000,0.969038
20.681159,13.417648,8.000000,0.970075
20.672533,13.500857,8.000000,0.971094
20.662728,13.583572,8.000000,0.972094
20.651676,13.665590,8.000000,0.973076
20.639310,13.746710,8.000000,0.974038
20.625562,13.826729,8.000000,0.974979
20.610364,13.905444,8.000000,0.975900
20.593649,13.982652,8.000000,0.976800
20.575347,14.058152,8.000000,0.977678
20.555392,14.131740,8.000000,0.978534
20.533716,14.203215,8.000000,0.979367
20.510251,14.272372,8.000000,0.980177
20.484929,14.339011,8.000000,0.980962
20.457682,14.402928,8.000000,0.981723
20.428442,14.463921,8.000000,0.982459
20.397142,14.521788,8.000000,0.983170
20.363714,14.576325,8.000000,0.983855
20.328091,14.627333,8.000000,0.984513
20.290274,14.674719,8.000000,0.985144
20.250375,14.718566,8.000000,0.985748
20.208513,14.758972,8.000000,0.986326
20.164809,14.796036,8.000000,0.986878
20.119385,14.829856,8.000000,0.987405
20.072359,14.860531,8.000000,0.987906
20.023854,14.888158,8.000000,0.988382
19.973988,14.912836,8.000000,0.988833
19.922883,14.934663,8.000000,0.989260
19.870659,14.953737,8.000000,0.989662
19.817437,14.970157,8.000000,0.990041
19.763338,14.984022,8.000000,0.990396
19.708480,14.995429,8.000000,0.990727
19.652986,15.004476,8.000000,0.991036
19.596976,15.011262,8.000000,0.991322
19.540569,15.015886,8.000000,0.991586
19.483888,15.018445,8.000000,0.991827
19.427051,15.019037,8.000000,0.992047
19.370180,15.017762,8.000000,0.992245
19.313395,15.014718,8.000000,0.992422
19.256816,15.010002,8.000000,0.992578
19.200564,15.003713,8.000000,0.992714
19.144760,14.995949,8.000000,0.992829
19.089524,14.986809,8.000000,0.992924
19.034976,14.976390,8.000000,0.993000
18.981238,14.964792,8.000000,0.993056
18.928428,14.952112,8.000000,0.993093
18.876669,14.938449,8.000000,0.993112
18.826080,14.923901,8.000000,0.993111
18.776782,14.908566,8.000000,0.993093
18.728895,14.892543,8.000000,0.993057
18.682540,14.875930,8.000000,0.993003
18.637838,14.858825,8.000000,0.992932
18.594908,14.841326,8.000000,0.992844
18.553872,14.823532,8.000000,0.992739
18.514849,14.805541,8.000000,0.992618
18.477961,14.787452,8.000000,0.992481
18.443327,14.769362,8.000000,0.992328
18.411069,14.751370,8.000000,0.992159
18.381307,14.733575,8.000000,0.991975
18.354161,14.716074,8.000000,0.991777
18.329751,14.698965,8.000000,0.991564
18.308199,14.682348,8.000000,0.991336
18.289624,14.666320,8.000000,0.991095
18.274148,14.650980,8.000000,0.990840
18.261890,14.636426,8.000000,0.990571
18.252971,14.622756,8.000000,0.990290
18.247512,14.610069,8.000000,0.989995
18.245601,14.598442,8.000000,0.989688
18.247167,14.587857,8.000000,0.989369
18.252091,14.578263,8.000000,0.989037
18.260255,14.569612,8.000000,0.988691
18.271541,14.561854,8.000000,0.988332
18.285830,14.554940,8.000000,0.987960
18.303004,14.548820,8.000000,0.987574
18.322944,14.543446,8.000000,0.987174
18.345531,14.538768,8.000000,0.986760
18.370648,14.534737,8.000000,0.986332
18.398176,14.531303,8.000000,0.985889
18.427996,14.528417,8.000000,0.985431
18.459989,14.526030,8.000000,0.984959
18.494038,14.524092,8.000000,0.984471
18.530024,14.522555,8.000000,0.983968
18.567828,14.521369,8.000000,0.983449
18.607332,14.520484,8.000000,0.982915
18.648418,14.519852,8.000000,0.982364
18.690966,14.519423,8.000000,0.981797
18.734859,14.519147,8.000000,0.981214
18.779978,14.518976,8.000000,0.980614
18.826204,14.518860,8.000000,0.979998
18.873420,14.518751,8.000000,0.979364
18.921506,14.518597,8.000000,0.978713
18.970344,14.518351,8.000000,0.978044
19.019815,14.517963,8.000000,0.977358
19.069802,14.517384,8.000000,0.976654
19.120185,14.516564,8.000000,0.975932
19.170847,14.515454,8.000000,0.975191
19.221668,14.514006,8.000000,0.974432
19.272530,14.512168,8.000000,0.973655
19.323315,14.509893,8.000000,0.972858
19.373904,14.507131,8.000000,0.972042
19.424179,14.503832,8.000000,0.971207
19.474021,14.499948,8.000000,0.970352
19.523312,14.495429,8.000000,0.969477
19.571934,14.490225,8.000000,0.968583
19.619767,14.484288,8.000000,0.967668
19.666694,14.477569,8.000000,0.966733
19.712595,14.470017,8.000000,0.965777
19.757353,14.461583,8.000000,0.964800
19.800849,14.452219,8.000000,0.963802
19.842964,14.441875,8.000000,0.962783
19.883580,14.430502,8.000000,0.961743
19.922579,14.418050,8.000000,0.960681
19.959842,14.404470,8.000000,0.959597
19.995250,14.389713,8.000000,0.958491
20.028685,14.373729,8.000000,0.957362
20.060034,14.356474,8.000000,0.956211
20.089279,14.337967,8.000000,0.955038
20.116486,14.318290,8.000000,0.953843
20.141724,14.297523,8.000000,0.952626
20.165063,14.275750,8.000000,0.951388
20.186570,14.253053,8.000000,0.950129
20.206316,14.229514,8.000000,0.948850
20.224370,14.205214,8.000000,0.947550
20.240800,14.180236,8.000000,0.946231
20.255675,14.154662,8.000000,0.944893
20.269065,14.128575,8.000000,0.943536
20.281039,14.102056,8.000000,0.942161
20.291666,14.075188,8.000000,0.940767
20.301015,14.048052,8.000000,0.939356
20.309155,14.020731,8.000000,0.937928
20.316155,13.993307,8.000000,0.936483
20.322084,13.965862,8.000000,0.935021
20.327012,13.938478,8.000000,0.933543
20.331006,13.911238,8.000000,0.932050
20.334138,13.884223,8.000000,0.930541
20.336474,13.857516,8.000000,0.929018
20.338086,13.831199,8.000000,0.927480
20.339041,13.805353,8.000000,0.925928
20.339409,13.780062,8.000000,0.924362
20.339258,13.755407,8.000000,0.922783
20.338659,13.731470,8.000000,0.921191
20.337680,13.708334,8.000000,0.919587
20.336389,13.686080,8.000000,0.917970
20.334857,13.664791,8.000000,0.916342
20.333152,13.644549,8.000000,0.914703
20.331344,13.625436,8.000000,0.913052
20.329501,13.607534,8.000000,0.911391
20.327692,13.590926,8.000000,0.909720
20.325987,13.575693,8.000000,0.908039
20.324455,13.561918,8.000000,0.906349
20.323164,13.549682,8.000000,0.904650
20.322184,13.539068,8.000000,0.902943
20.321585,13.530159,8.000000,0.901227
20.321434,13.523035,8.000000,0.899503
20.321801,13.517780,8.000000,0.897773
20.322756,13.514475,8.000000,0.896035
20.324366,13.513203,8.000000,0.894290
20.326702,13.514046,8.000000,0.892540
20.329833,13.517085,8.000000,0.890784
20.333827,13.522404,8.000000,0.889022
20.338753,13.530083,8.000000,0.887255
20.344681,13.540206,8.000000,0.885484
20.351680,13.552854,8.000000,0.883709
20.359819,13.568110,8.000000,0.881930
20.369130,13.586004,8.000000,0.880147
20.379556,13.606437,8.000000,0.878362
20.391027,13.629293,8.000000,0.876575
20.403471,13.654454,8.000000,0.874787
20.416816,13.681802,8.000000,0.872998
20.430993,13.711219,8.000000,0.871209
20.445930,13.742589,8.000000,0.869421
20.461556,13.775794,8.000000,0.867635
20.477800,13.810716,8.000000,0.865851
20.494591,13.847237,8.000000,0.864069
20.511857,13.885240,8.000000,0.862292
20.529528,13.924608,8.000000,0.860518
20.547533,13.965223,8.000000,0.858750
20.565801,14.006967,8.000000,0.856987
20.584260,14.049722,8.000000,0.855231
20.602840,14.093372,8.000000,0.853482
20.621469,14.137799,8.000000,0.851741
20.640077,14.182885,8.000000,0.850008
20.658592,14.228512,8.000000,0.848284
20.676944,14.274564,8.000000,0.846570
20.695061,14.320922,8.000000,0.844867
20.712872,14.367469,8.000000,0.843175
20.730306,14.414087,8.000000,0.841495
20.747293,14.460659,8.000000,0.839828
20.763760,14.507068,8.000000,0.838174
20.779638,14.553195,8.000000,0.836534
20.794855,14.598924,8.000000,0.834908
20.809340,14.644136,8.000000,0.833299
20.823021,14.688714,8.000000,0.831705
20.835829,14.732541,8.000000,0.830128
20.847691,14.775499,8.000000,0.828569
20.858538,14.817470,8.000000,0.827028
20.868297,14.858337,8.000000,0.825505
20.876897,14.897982,8.000000,0.824003
20.884268,14.936289,8.000000,0.822521
20.890339,14.973138,8.000000,0.821059
20.895039,15.008414,8.000000,0.819620
20.898296,15.041997,8.000000,0.818203
20.900039,15.073771,8.000000,0.816808
20.900198,15.103618,8.000000,0.815438
20.898701,15.131421,8.000000,0.814092
20.895477,15.157061,8.000000,0.812772
20.890456,15.180422,8.000000,0.811477
20.883565,15.201386,8.000000,0.810209
20.874735,15.219835,8.000000,0.808968
20.863894,15.235652,8.000000,0.807755
20.850971,15.248719,8.000000,0.806570
20.835895,15.258919,8.000000,0.805415
20.818607,15.266150,8.000000,0.804290
20.799138,15.270439,8.000000,0.803195
20.777564,15.271877,8.000000,0.802129
20.753963,15.270552,8.000000,0.801092
20.728411,15.266556,8.000000,0.800084
20.700985,15.259977,8.000000,0.799104
20.671760,15.250906,8.000000,0.798151
20.640814,15.239433,8.000000,0.797225
20.608223,15.225647,8.000000,0.796326
20.574064,15.209639,8.000000,0.795454
20.538413,15.191498,8.000000,0.794607
20.501347,15.171315,8.000000,0.793785
20.462942,15.149179,8.000000,0.792988
20.423276,15.125180,8.000000,0.792216
20.382423,15.099408,8.000000,0.791468
20.340463,15.071953,8.000000,0.790743
20.297469,15.042905,8.000000,0.790041
20.253520,15.012354,8.000000,0.789362
20.208692,14.980390,8.000000,0.788705
20.163061,14.947102,8.000000,0.788070
20.116704,14.912581,8.000000,0.787456
20.069698,14.876917,8.000000,0.786863
20.022119,14.840198,8.000000,0.786290
19.974043,14.802517,8.000000,0.785737
19.925548,14.763961,8.000000,0.785204
19.876710,14.724622,8.000000,0.784689
19.827605,14.684588,8.000000,0.784193
19.778309,14.643951,8.000000,0.783716
19.728901,14.602800,8.000000,0.783255
19.679455,14.561224,8.000000,0.782813
19.630049,14.519314,8.000000,0.782386
19.580759,14.477160,8.000000,0.781976
19.531662,14.434852,8.000000,0.781582
19.482834,14.392479,8.000000,0.781203
19.434353,14.350131,8.000000,0.780840
19.386293,14.307899,8.000000,0.780490
19.338733,14.265872,8.000000,0.780155
19.291748,14.224140,8.000000,0.779833
19.245416,14.182793,8.000000,0.779525
19.199812,14.141921,8.000000,0.779229
19.155013,14.101614,8.000000,0.778945
19.111097,14.061962,8.000000,0.778673
19.068138,14.023055,8.000000,0.778412
19.026215,13.984982,8.000000,0.778162
18.985404,13.947834,8.000000,0.777923
18.945780,13.911700,8.000000,0.777694
18.907421,13.876671,8.000000,0.777474
18.870404,13.842836,8.000000,0.777263
18.834803,13.810285,8.000000,0.777060
18.800651,13.779057,8.000000,0.776866
18.767923,13.749130,8.000000,0.776681
18.736586,13.720477,8.000000,0.776503
18.706612,13.693069,8.000000,0.776332
18.677970,13.666879,8.000000,0.776170
18.650629,13.641880,8.000000,0.776014
18.624560,13.618043,8.000000,0.775866
18.599732,13.595340,8.000000,0.775725
18.576115,13.573745,8.000000,0.775591
18.553678,13.553230,8.000000,0.775463
18.532392,13.533766,8.000000,0.775342
18.512226,13.515327,8.000000,0.775228
18.493150,13.497884,8.000000,0.775120
18.475133,13.481410,8.000000,0.775017
18.458145,13.465877,8.000000,0.774921
18.442157,13.451257,8.000000,0.774830
18.427137,13.437523,8.000000,0.774744
18.413055,13.424647,8.000000,0.774664
18.399882,13.412602,8.000000,0.774590
18.387586,13.401359,8.000000,0.774520
18.376139,13.390891,8.000000,0.774455
18.365508,13.381171,8.000000,0.774394
18.355665,13.372171,8.000000,0.774338
18.346578,13.363862,8.000000,0.774287
18.338218,13.356218,8.000000,0.774239
18.330554,13.349210,8.000000,0.774196
18.323556,13.342811,8.000000,0.774156
18.317194,13.336994,8.000000,0.774120
18.311438,13.331730,8.000000,0.774087
18.306256,13.326992,8.000000,0.774058
18.301619,13.322753,8.000000,0.774031
18.297497,13.318984,8.000000,0.774008
18.293860,13.315657,8.000000,0.773987
18.290676,13.312746,8.000000,0.773969
18.287916,13.310223,8.000000,0.773954
18.285550,13.308059,8.000000,0.773940
18.283547,13.306228,8.000000,0.773929
18.281877,13.304701,8.000000,0.773919
18.280510,13.303450,8.000000,0.773911
18.279415,13.302449,8.000000,0.773905
18.278562,13.301670,8.000000,0.773900
18.277921,13.301084,8.000000,0.773897
18.277462,13.300664,8.000000,0.773894
18.277155,13.300383,8.000000,0.773892
18.276968,13.300212,8.000000,0.773891
18.276872,13.300124,8.000000,0.773891
18.276837,13.300092,8.000000,0.773891
18.276832,13.300087,8.000000,0.773891
