52.931675,28.402499,13.022483,2.325711
52.931661,28.402537,13.022468,2.325710
52.931559,28.402802,13.022364,2.325703
52.931284,28.403521,13.022083,2.325685
52.930749,28.404921,13.021536,2.325650
52.929867,28.407229,13.020634,2.325591
52.928550,28.410673,13.019288,2.325505
52.926713,28.415480,13.017410,2.325384
52.924267,28.421876,13.014910,2.325223
52.921128,28.430088,13.011700,2.325016
52.917207,28.440344,13.007692,2.324758
52.912418,28.452871,13.002797,2.324443
52.906674,28.467895,12.996925,2.324065
52.899889,28.485645,12.989988,2.323618
52.891975,28.506346,12.981898,2.323097
52.882846,28.530226,12.972565,2.322496
52.872414,28.557513,12.961901,2.321809
52.860594,28.588432,12.949817,2.321031
52.847298,28.623212,12.936225,2.320155
52.832439,28.662079,12.921035,2.319177
52.815931,28.705260,12.904159,2.318090
52.797687,28.752983,12.885509,2.316889
52.777620,28.805474,12.864995,2.315568
52.755643,28.862961,12.842528,2.314121
52.731670,28.925671,12.818020,2.312542
52.705613,28.993830,12.791383,2.310827
52.677386,29.067666,12.762527,2.308968
52.646902,29.147406,12.731363,2.306961
52.614074,29.233276,12.697804,2.304800
52.578816,29.325505,12.661760,2.302479
52.541040,29.424319,12.623142,2.299992
52.500660,29.529945,12.581862,2.297333
52.457589,29.642610,12.537831,2.294497
52.411740,29.762541,12.490960,2.291479
52.363026,29.889966,12.441161,2.288271
52.311361,30.025111,12.388344,2.284870
52.256658,30.168204,12.332422,2.281268
52.198829,30.319471,12.273305,2.277461
52.137789,30.479140,12.210904,2.273442
52.073450,30.647437,12.145131,2.269206
52.005726,30.824591,12.075897,2.264747
51.934529,31.010827,12.003114,2.260059
51.859773,31.206373,11.926692,2.255138
51.781371,31.411456,11.846543,2.249976
51.699236,31.626303,11.762578,2.244568
51.613282,31.851141,11.674708,2.238909
51.523422,32.086198,11.582845,2.232993
51.429568,32.331699,11.486899,2.226813
51.331634,32.587873,11.386783,2.220365
51.229544,32.854916,11.282420,2.213645
51.123355,33.132588,11.173915,2.206664
51.013230,33.420323,11.061509,2.199450
50.899332,33.717550,10.945444,2.192030
50.781825,34.023696,10.825964,2.184431
50.660872,34.338189,10.703312,2.176679
50.536636,34.660455,10.577732,2.168802
50.409283,34.989923,10.449466,2.160826
50.278974,35.326021,10.318758,2.152779
50.145873,35.668174,10.185851,2.144687
50.010145,36.015812,10.050988,2.136577
49.871953,36.368362,9.914413,2.128476
49.731460,36.725251,9.776369,2.120411
49.588830,37.085907,9.637099,2.112409
49.444226,37.449757,9.496846,2.104497
49.297813,37.816228,9.355854,2.096702
49.149753,38.184749,9.214365,2.089050
49.000211,38.554747,9.072624,2.081569
48.849349,38.925649,8.930873,2.074286
48.697332,39.296883,8.789356,2.067227
48.544323,39.667876,8.648315,2.060419
48.390485,40.038057,8.507995,2.053890
48.235983,40.406851,8.368638,2.047665
48.080979,40.773688,8.230487,2.041773
47.925638,41.137994,8.093786,2.036240
47.770123,41.499197,7.958779,2.031093
47.614597,41.856725,7.825708,2.026359
47.459225,42.210005,7.694816,2.022064
47.304169,42.558464,7.566347,2.018236
47.149593,42.901531,7.440544,2.014902
46.995662,43.238632,7.317651,2.012088
46.842538,43.569195,7.197910,2.009821
46.690385,43.892648,7.081565,2.008129
46.539366,44.208418,6.968859,2.007038
46.389646,44.515933,6.860035,2.006576
46.241388,44.814620,6.755337,2.006768
46.094755,45.103907,6.655008,2.007642
45.949911,45.383221,6.559291,2.009226
45.807020,45.651990,6.468429,2.011545
45.666245,45.909642,6.382665,2.014627
45.527750,46.155603,6.302244,2.018498
45.391698,46.389301,6.227407,2.023186
45.258253,46.610165,6.158399,2.028718
45.127578,46.817621,6.095463,2.035120
44.999838,47.011097,6.038841,2.042419
44.875195,47.190020,5.988777,2.050643
44.753814,47.353819,5.945515,2.059818
44.635858,47.501920,5.909297,2.069970
44.521490,47.633753,5.880366,2.081128
44.410857,47.749075,5.858813,2.093301
44.304077,47.848326,5.844413,2.106464
44.201258,47.932026,5.836905,2.120588
44.102511,48.000699,5.836025,2.135644
44.007949,48.054868,5.841510,2.151603
43.917682,48.095055,5.853097,2.168437
43.831820,48.121783,5.870525,2.186115
43.750475,48.135574,5.893528,2.204610
43.673757,48.136951,5.921846,2.223892
43.601778,48.126437,5.955215,2.243932
43.534648,48.104555,5.993372,2.264701
43.472479,48.071827,6.036054,2.286169
43.415381,48.028775,6.082998,2.308309
43.363465,47.975923,6.133943,2.331091
43.316841,47.913793,6.188623,2.354486
43.275622,47.842907,6.246778,2.378464
43.239918,47.763790,6.308143,2.402997
43.209840,47.676962,6.372457,2.428056
43.185498,47.582946,6.439456,2.453612
43.167004,47.482267,6.508877,2.479636
43.154469,47.375445,6.580458,2.506098
43.148003,47.263004,6.653935,2.532971
43.147718,47.145466,6.729046,2.560223
43.153724,47.023354,6.805528,2.587828
43.166132,46.897191,6.883118,2.615755
43.185053,46.767499,6.961553,2.643976
43.210599,46.634801,7.040571,2.672461
43.242880,46.499620,7.119908,2.701182
43.282006,46.362478,7.199301,2.730109
43.328090,46.223898,7.278488,2.759214
43.381241,46.084402,7.357206,2.788467
43.441571,45.944514,7.435193,2.817840
43.509191,45.804756,7.512184,2.847303
43.584211,45.665650,7.587917,2.876828
43.666743,45.527719,7.662130,2.906385
43.756897,45.391487,7.734559,2.935945
43.854784,45.257475,7.804942,2.965480
43.960516,45.126206,7.873016,2.994960
44.074203,44.998203,7.938518,3.024356
44.195956,44.873988,8.001185,3.053640
44.325886,44.754085,8.060754,3.082781
44.464104,44.639015,8.116962,3.111752
44.610721,44.529302,8.169547,3.140523
44.765848,44.425468,8.218246,-3.114120
44.929596,44.328036,8.262795,-3.085836
45.102075,44.237528,8.302932,-3.057839
45.283396,44.154468,8.338394,-3.030157
45.473671,44.079377,8.368919,-3.002821
45.672952,44.012679,8.394283,-2.975855
45.880900,43.954151,8.414530,-2.949265
46.097023,43.903309,8.429811,-2.923045
46.320827,43.859667,8.440275,-2.897191
46.551820,43.822742,8.446072,-2.871699
46.789507,43.792048,8.447352,-2.846564
47.033395,43.767101,8.444267,-2.821783
47.282991,43.747416,8.436966,-2.797350
47.537801,43.732509,8.425598,-2.773262
47.797332,43.721894,8.410316,-2.749513
48.061090,43.715087,8.391267,-2.726101
48.328582,43.711604,8.368604,-2.703019
48.599315,43.710959,8.342476,-2.680264
48.872794,43.712669,8.313032,-2.657831
49.148526,43.716248,8.280424,-2.635717
49.426019,43.721211,8.244802,-2.613916
49.704778,43.727075,8.206315,-2.592424
49.984310,43.733354,8.165114,-2.571237
50.264121,43.739563,8.121350,-2.550351
50.543719,43.745218,8.075171,-2.529761
50.822609,43.749835,8.026729,-2.509462
51.100299,43.752928,7.976174,-2.489451
51.376294,43.754014,7.923656,-2.469723
51.650101,43.752606,7.869324,-2.450273
51.921227,43.748221,7.813330,-2.431097
52.189179,43.740374,7.755824,-2.412191
52.453462,43.728579,7.696955,-2.393551
52.713584,43.712354,7.636874,-2.375172
52.969051,43.691212,7.575730,-2.357049
53.219369,43.664669,7.513676,-2.339178
53.464045,43.632241,7.450859,-2.321556
53.702586,43.593443,7.387431,-2.304177
53.934498,43.547789,7.323542,-2.287036
54.159287,43.494797,7.259342,-2.270131
54.376461,43.433979,7.194981,-2.253456
54.585525,43.364853,7.130609,-2.237007
54.785987,43.286933,7.066377,-2.220779
54.977352,43.199735,7.002434,-2.204769
55.159128,43.102774,6.938932,-2.188971
55.330820,42.995565,6.876019,-2.173382
55.491936,42.877624,6.813847,-2.157997
55.641982,42.748465,6.752566,-2.142812
55.780464,42.607605,6.692325,-2.127821
55.906889,42.454559,6.633275,-2.113022
56.020764,42.288841,6.575566,-2.098409
56.121595,42.109968,6.519348,-2.083978
56.208888,41.917454,6.464772,-2.069725
56.282151,41.710815,6.411987,-2.055645
56.340903,41.489584,6.361141,-2.041735
56.385065,41.253812,6.312283,-2.027996
56.415010,41.004136,6.265354,-2.014439
56.431139,40.741228,6.220288,-2.001076
56.433850,40.465755,6.177018,-1.987916
56.423541,40.178390,6.135479,-1.974971
56.400611,39.879801,6.095605,-1.962252
56.365460,39.570658,6.057330,-1.949768
56.318486,39.251632,6.020589,-1.937532
56.260087,38.923391,5.985314,-1.925553
56.190664,38.586607,5.951441,-1.913844
56.110614,38.241949,5.918903,-1.902413
56.020337,37.890087,5.887635,-1.891273
55.920232,37.531691,5.857571,-1.880434
55.810696,37.167431,5.828644,-1.869907
55.692130,36.797976,5.800789,-1.859702
55.564931,36.423997,5.773940,-1.849831
55.429499,36.046163,5.748031,-1.840304
55.286233,35.665145,5.722996,-1.831132
55.135531,35.281612,5.698770,-1.822326
54.977793,34.896234,5.675286,-1.813897
54.813417,34.509682,5.652478,-1.805856
54.642801,34.122624,5.630281,-1.798212
54.466346,33.735732,5.608629,-1.790978
54.284449,33.349674,5.587455,-1.784163
54.097510,32.965121,5.566694,-1.777779
53.905927,32.582743,5.546281,-1.771837
53.710100,32.203210,5.526148,-1.766347
53.510426,31.827191,5.506230,-1.761320
53.307305,31.455356,5.486462,-1.756767
53.101137,31.088376,5.466777,-1.752699
52.892318,30.726920,5.447110,-1.749126
52.681250,30.371658,5.427394,-1.746060
52.468329,30.023261,5.407564,-1.743510
52.253956,29.682397,5.387554,-1.741489
52.038529,29.349738,5.367298,-1.740006
51.822447,29.025952,5.346729,-1.739073
51.606108,28.711710,5.325783,-1.738700
51.389912,28.407681,5.304393,-1.738898
51.174257,28.114536,5.282493,-1.739678
50.959543,27.832945,5.260018,-1.741051
50.746168,27.563577,5.236901,-1.743028
50.534530,27.307102,5.213077,-1.745619
50.325030,27.064190,5.188479,-1.748835
50.118065,26.835512,5.163042,-1.752686
49.914034,26.621736,5.136701,-1.757185
49.713337,26.423534,5.109388,-1.762341
49.516372,26.241574,5.081038,-1.768166
49.323538,26.076527,5.051586,-1.774670
49.135171,25.928839,5.020988,-1.781858
48.951394,25.798216,4.989282,-1.789716
48.772289,25.684211,4.956520,-1.798229
48.597939,25.586381,4.922753,-1.807377
48.428424,25.504278,4.888035,-1.817144
48.263826,25.437458,4.852418,-1.827512
48.104227,25.385474,4.815953,-1.838464
47.949708,25.347880,4.778694,-1.849982
47.800351,25.324232,4.740692,-1.862050
47.656236,25.314083,4.702000,-1.874649
47.517447,25.316988,4.662671,-1.887763
47.384063,25.332500,4.622756,-1.901374
47.256168,25.360175,4.582308,-1.915464
47.133841,25.399567,4.541380,-1.930017
47.017166,25.450229,4.500023,-1.945015
46.906223,25.511716,4.458290,-1.960440
46.801093,25.583583,4.416234,-1.976275
46.701859,25.665383,4.373906,-1.992503
46.608603,25.756671,4.331359,-2.009107
46.521404,25.857002,4.288646,-2.026068
46.440346,25.965929,4.245818,-2.043371
46.365509,26.083007,4.202928,-2.060996
46.296975,26.207790,4.160029,-2.078927
46.234825,26.339833,4.117172,-2.097147
46.179142,26.478689,4.074411,-2.115638
46.130006,26.623914,4.031796,-2.134383
46.087500,26.775061,3.989382,-2.153364
46.051704,26.931684,3.947219,-2.172564
46.022701,27.093338,3.905361,-2.191966
46.000571,27.259578,3.863859,-2.211552
45.985396,27.429957,3.822766,-2.231305
45.977259,27.604029,3.782135,-2.251208
45.976240,27.781350,3.742018,-2.271243
45.982420,27.961474,3.702466,-2.291392
45.995882,28.143954,3.663533,-2.311639
46.016707,28.328344,3.625271,-2.331966
46.044976,28.514201,3.587732,-2.352355
46.080772,28.701076,3.550968,-2.372790
46.124174,28.888526,3.515032,-2.393253
46.175266,29.076103,3.479975,-2.413726
46.234129,29.263364,3.445852,-2.434193
46.300843,29.449860,3.412713,-2.454635
46.375492,29.635148,3.380611,-2.475035
46.458155,29.818782,3.349598,-2.495377
46.548915,30.000314,3.319728,-2.515642
46.647853,30.179301,3.291051,-2.535814
46.755051,30.355296,3.263621,-2.555874
46.870591,30.527853,3.237489,-2.575806
46.994530,30.696557,3.212709,-2.595592
47.126666,30.861318,3.189337,-2.615211
47.266636,31.022255,3.167432,-2.634640
47.414071,31.179487,3.147054,-2.653856
47.568605,31.333136,3.128262,-2.672837
47.729869,31.483322,3.111116,-2.691560
47.897497,31.630165,3.095673,-2.710001
48.071121,31.773787,3.081995,-2.728139
48.250374,31.914307,3.070139,-2.745949
48.434889,32.051847,3.060166,-2.763410
48.624298,32.186526,3.052135,-2.780499
48.818234,32.318466,3.046104,-2.797191
49.016329,32.447787,3.042133,-2.813466
49.218217,32.574610,3.040282,-2.829299
49.423530,32.699054,3.040609,-2.844669
49.631900,32.821242,3.043175,-2.859551
49.842960,32.941292,3.048037,-2.873924
50.056343,33.059327,3.055256,-2.887765
50.271682,33.175466,3.064891,-2.901050
50.488609,33.289831,3.077001,-2.913757
50.706757,33.402540,3.091645,-2.925862
50.925759,33.513716,3.108883,-2.937344
51.145247,33.623479,3.128773,-2.948179
51.364853,33.731950,3.151376,-2.958345
51.584212,33.839248,3.176750,-2.967818
51.802954,33.945494,3.204955,-2.976575
52.020713,34.050810,3.236049,-2.984595
52.237122,34.155316,3.270093,-2.991853
52.451813,34.259131,3.307145,-2.998328
52.664419,34.362378,3.347266,-3.003995
52.874573,34.465176,3.390513,-3.008834
53.081906,34.567645,3.436946,-3.012819
53.286053,34.669908,3.486625,-3.015930
53.486645,34.772083,3.539609,-3.018142
53.683315,34.874293,3.595957,-3.019434
53.875696,34.976656,3.655728,-3.019781
54.063421,35.079295,3.718982,-3.019162
54.246121,35.182328,3.785778,-3.017554
54.423431,35.285878,3.856175,-3.014933
54.594982,35.390065,3.930233,-3.011277
54.760408,35.495008,4.008010,-3.006562
54.919340,35.600829,4.089566,-3.000767
55.071411,35.707649,4.174961,-2.993868
55.216255,35.815588,4.264253,-2.985843
55.353504,35.924766,4.357502,-2.976668
55.482790,36.035304,4.454767,-2.966320
55.603746,36.147322,4.556108,-2.954778
55.716006,36.260942,4.661583,-2.942017
55.819203,36.376283,4.771251,-2.928016
55.913173,36.493397,4.885062,-2.912776
55.998101,36.612219,5.002777,-2.896340
56.074206,36.732673,5.124142,-2.878754
56.141706,36.854681,5.248899,-2.860066
56.200821,36.978167,5.376792,-2.840324
56.251771,37.103055,5.507565,-2.819575
56.294773,37.229266,5.640961,-2.797865
56.330048,37.356725,5.776724,-2.775242
56.357814,37.485354,5.914597,-2.751752
56.378291,37.615078,6.054325,-2.727445
56.391697,37.745818,6.195650,-2.702365
56.398252,37.877499,6.338317,-2.676561
56.398175,38.010043,6.482069,-2.650080
56.391685,38.143373,6.626649,-2.622968
56.379002,38.277414,6.771801,-2.595274
56.360343,38.412087,6.917270,-2.567044
56.335929,38.547317,7.062798,-2.538325
56.305978,38.683026,7.208129,-2.509165
56.270710,38.819137,7.353006,-2.479610
56.230344,38.955575,7.497174,-2.449709
56.185099,39.092261,7.640376,-2.419508
56.135194,39.229120,7.782356,-2.389054
56.080847,39.366074,7.922856,-2.358394
56.022279,39.503046,8.061622,-2.327576
55.959709,39.639961,8.198396,-2.296647
55.893355,39.776740,8.332922,-2.265654
55.823436,39.913307,8.464944,-2.234644
55.750173,40.049586,8.594205,-2.203664
55.673783,40.185500,8.720448,-2.172762
55.594486,40.320971,8.843419,-2.141985
55.512502,40.455923,8.962859,-2.111379
55.428048,40.590280,9.078514,-2.080993
55.341345,40.723963,9.190125,-2.050872
55.252612,40.856898,9.297438,-2.021065
55.162067,40.989006,9.400195,-1.991619
55.069929,41.120211,9.498141,-1.962581
54.976419,41.250436,9.591018,-1.933997
54.881755,41.379604,9.678571,-1.905915
54.786155,41.507640,9.760543,-1.878383
54.689840,41.634464,9.836678,-1.851447
54.593029,41.760002,9.906719,-1.825155
54.495940,41.884176,9.970410,-1.799553
54.398792,42.006909,10.027494,-1.774690
54.301805,42.128125,10.077716,-1.750611
54.205198,42.247747,10.120819,-1.727365
54.109190,42.365697,10.156546,-1.704999
54.014000,42.481900,10.184641,-1.683559
53.919848,42.596278,10.204847,-1.663093
53.826929,42.708740,10.216974,-1.643641
53.735321,42.819124,10.221174,-1.625206
53.645063,42.927239,10.217716,-1.607780
53.556190,43.032897,10.206869,-1.591352
53.468741,43.135909,10.188901,-1.575914
53.382752,43.236087,10.164083,-1.561457
53.298262,43.333241,10.132682,-1.547972
53.215307,43.427184,10.094967,-1.535448
53.133925,43.517725,10.051207,-1.523878
53.054153,43.604677,10.001671,-1.513253
52.976029,43.687851,9.946628,-1.503561
52.899589,43.767057,9.886346,-1.494796
52.824873,43.842107,9.821095,-1.486947
52.751915,43.912813,9.751143,-1.480006
52.680755,43.978985,9.676760,-1.473962
52.611429,44.040434,9.598213,-1.468808
52.543975,44.096973,9.515772,-1.464534
52.478431,44.148411,9.429705,-1.461130
52.414832,44.194561,9.340282,-1.458588
52.353218,44.235234,9.247771,-1.456899
52.293625,44.270240,9.152441,-1.456053
52.236091,44.299392,9.054561,-1.456040
52.180652,44.322499,8.954400,-1.456853
52.127347,44.339374,8.852226,-1.458482
52.076213,44.349828,8.748309,-1.460917
52.027287,44.353671,8.642917,-1.464149
51.980606,44.350716,8.536319,-1.468170
51.936208,44.340773,8.428783,-1.472970
51.894130,44.323654,8.320580,-1.478540
51.854410,44.299169,8.211977,-1.484871
51.817085,44.267130,8.103243,-1.491954
51.782192,44.227349,7.994648,-1.499779
51.749768,44.179636,7.886459,-1.508337
51.719852,44.123803,7.778947,-1.517620
51.692480,44.059660,7.672379,-1.527617
51.667690,43.987020,7.567024,-1.538321
51.645519,43.905693,7.463152,-1.549721
51.626004,43.815490,7.361031,-1.561808
51.609184,43.716223,7.260930,-1.574575
51.595094,43.607703,7.163118,-1.588010
51.583774,43.489742,7.067864,-1.602105
51.575259,43.362150,6.975436,-1.616851
51.569587,43.224738,6.886103,-1.632239
51.566796,43.077319,6.800134,-1.648260
51.566924,42.919702,6.717799,-1.664904
51.570006,42.751700,6.639365,-1.682162
51.576082,42.573123,6.565102,-1.700025
51.585187,42.383783,6.495278,-1.718484
51.597354,42.183510,6.430155,-1.737530
51.612464,41.972547,6.369830,-1.757145
51.630259,41.751528,6.314243,-1.777307
51.650475,41.521108,6.263330,-1.797990
51.672849,41.281937,6.217023,-1.819171
51.697116,41.034667,6.175257,-1.840827
51.723012,40.779952,6.137967,-1.862933
51.750273,40.518443,6.105086,-1.885465
51.778635,40.250792,6.076549,-1.908399
51.807834,39.977652,6.052290,-1.931712
51.837606,39.699674,6.032243,-1.955378
51.867687,39.417512,6.016342,-1.979376
51.897813,39.131816,6.004521,-2.003679
51.927720,38.843239,5.996715,-2.028265
51.957143,38.552433,5.992858,-2.053110
51.985820,38.260051,5.992884,-2.078189
52.013485,37.966744,5.996727,-2.103479
52.039875,37.673165,6.004321,-2.128955
52.064725,37.379965,6.015601,-2.154594
52.087772,37.087798,6.030500,-2.180371
52.108752,36.797315,6.048954,-2.206263
52.127400,36.509168,6.070895,-2.232246
52.143453,36.224010,6.096259,-2.258296
52.156646,35.942492,6.124979,-2.284389
52.166716,35.665267,6.156989,-2.310500
52.173398,35.392987,6.192225,-2.336607
52.176428,35.126304,6.230619,-2.362684
52.175543,34.865871,6.272107,-2.388709
52.170478,34.612338,6.316622,-2.414656
52.160969,34.366360,6.364098,-2.440502
52.146752,34.128587,6.414471,-2.466224
52.127564,33.899671,6.467673,-2.491797
52.103139,33.680266,6.523639,-2.517197
52.073215,33.471023,6.582303,-2.542400
52.037527,33.272594,6.643600,-2.567382
51.995811,33.085632,6.707464,-2.592120
51.947802,32.910788,6.773828,-2.616589
51.893238,32.748716,6.842627,-2.640765
51.831853,32.600066,6.913796,-2.664625
51.763385,32.465491,6.987268,-2.688144
51.687568,32.345643,7.062977,-2.711299
51.604139,32.241175,7.140858,-2.734065
51.512833,32.152738,7.220845,-2.756419
51.413388,32.080985,7.302872,-2.778336
51.305537,32.026568,7.386873,-2.799794
51.189019,31.990139,7.472783,-2.820766
51.063568,31.972350,7.560536,-2.841231
50.928921,31.973853,7.650065,-2.861163
50.784813,31.995301,7.741305,-2.880539
50.631158,32.037044,7.834185,-2.899339
50.468351,32.098619,7.928617,-2.917552
50.296870,32.179420,8.024512,-2.935168
50.117191,32.278845,8.121778,-2.952180
49.929792,32.396290,8.220328,-2.968578
49.735150,32.531150,8.320070,-2.984354
49.533741,32.682823,8.420916,-2.999498
49.326044,32.850703,8.522774,-3.014002
49.112535,33.034189,8.625556,-3.027856
48.893691,33.232675,8.729171,-3.041053
48.669990,33.445558,8.833530,-3.053583
48.441909,33.672235,8.938542,-3.065437
48.209924,33.912101,9.044119,-3.076607
47.974514,34.164553,9.150169,-3.087083
47.736154,34.428987,9.256604,-3.096857
47.495323,34.704800,9.363332,-3.105920
47.252497,34.991387,9.470266,-3.114262
47.008154,35.288145,9.577313,-3.121876
46.762771,35.594470,9.684386,-3.128752
46.516824,35.909758,9.791393,-3.134881
46.270791,36.233406,9.898246,-3.140255
46.025150,36.564810,10.004854,3.138321
45.780377,36.903366,10.111127,3.134484
45.536949,37.248471,10.216975,3.131430
45.295344,37.599520,10.322309,3.129167
45.056039,37.955909,10.427039,3.127704
44.819510,38.317036,10.531075,3.127049
44.586236,38.682297,10.634327,3.127212
44.356693,39.051087,10.736705,3.128202
44.131358,39.422803,10.838119,3.130026
43.910708,39.796841,10.938480,3.132695
43.695221,40.172597,11.037698,3.136217
43.485374,40.549468,11.135682,3.140601
43.281644,40.926850,11.232343,-3.137330
43.084508,41.304139,11.327592,-3.131196
42.894443,41.680731,11.421337,-3.124173
42.711927,42.056023,11.513491,-3.116253
42.537436,42.429411,11.603961,-3.107427
42.371448,42.800291,11.692659,-3.097686
42.214439,43.168060,11.779496,-3.087021
42.066887,43.532113,11.864380,-3.075423
41.929270,43.891847,11.947222,-3.062883
41.802064,44.246658,12.027932,-3.049393
41.685746,44.595943,12.106421,-3.034943
41.580793,44.939097,12.182599,-3.019525
41.487683,45.275517,12.256375,-3.003130
41.406894,45.604599,12.327660,-2.985749
41.338901,45.925740,12.396364,-2.967373
41.284119,46.238371,12.462406,-2.947997
41.242404,46.542242,12.525783,-2.927650
41.213314,46.837270,12.586531,-2.906377
41.196408,47.123373,12.644690,-2.884226
41.191242,47.400471,12.700298,-2.861242
41.197373,47.668483,12.753391,-2.837471
41.214358,47.927326,12.804009,-2.812961
41.241756,48.176919,12.852189,-2.787757
41.279122,48.417181,12.897970,-2.761905
41.326015,48.648031,12.941389,-2.735453
41.381991,48.869387,12.982484,-2.708447
41.446607,49.081168,13.021294,-2.680932
41.519421,49.283292,13.057856,-2.652955
41.599989,49.475679,13.092209,-2.624563
41.687870,49.658246,13.124391,-2.595801
41.782620,49.830913,13.154439,-2.566717
41.883796,49.993598,13.182391,-2.537356
41.990955,50.146219,13.208286,-2.507765
42.103656,50.288696,13.232162,-2.477990
42.221454,50.420947,13.254057,-2.448077
42.343907,50.542891,13.274008,-2.418074
42.470572,50.654446,13.292054,-2.388025
42.601007,50.755530,13.308233,-2.357978
42.734768,50.846064,13.322582,-2.327979
42.871413,50.925964,13.335141,-2.298075
43.010499,50.995150,13.345946,-2.268310
43.151583,51.053541,13.355036,-2.238733
43.294222,51.101055,13.362449,-2.209389
43.437974,51.137611,13.368223,-2.180324
43.582395,51.163127,13.372396,-2.151586
43.727043,51.177522,13.375006,-2.123220
43.871475,51.180714,13.376091,-2.095272
44.015248,51.172623,13.375689,-2.067789
44.157919,51.153167,13.373838,-2.040818
44.299046,51.122265,13.370576,-2.014404
44.438185,51.079834,13.365941,-1.988594
44.574895,51.025795,13.359972,-1.963434
44.708731,50.960065,13.352706,-1.938971
44.839251,50.882563,13.344180,-1.915251
44.966013,50.793208,13.334434,-1.892321
45.088573,50.691918,13.323506,-1.870226
45.206489,50.578613,13.311432,-1.849013
45.319318,50.453210,13.298252,-1.828728
45.426617,50.315628,13.284004,-1.809418
45.527943,50.165786,13.268724,-1.791130
45.622854,50.003603,13.252452,-1.773908
45.710906,49.828998,13.235226,-1.757800
45.791657,49.641888,13.217083,-1.742853
45.864669,49.442198,13.198061,-1.729111
45.929812,49.230150,13.178196,-1.716597
45.987400,49.006402,13.157520,-1.705299
46.037784,48.771643,13.136063,-1.695200
46.081315,48.526567,13.113857,-1.686285
46.118343,48.271864,13.090933,-1.678538
46.149220,48.008227,13.067323,-1.671944
46.174295,47.736345,13.043057,-1.666488
46.193919,47.456912,13.018166,-1.662153
46.208444,47.170619,12.992683,-1.658924
46.218219,46.878156,12.966638,-1.656786
46.223596,46.580216,12.940063,-1.655722
46.224924,46.277490,12.912988,-1.655718
46.222556,45.970670,12.885446,-1.656757
46.216841,45.660447,12.857467,-1.658825
46.208130,45.347513,12.829082,-1.661905
46.196774,45.032559,12.800323,-1.665981
46.183123,44.716277,12.771221,-1.671040
46.167529,44.399358,12.741807,-1.677063
46.150341,44.082494,12.712113,-1.684037
46.131911,43.766376,12.682169,-1.691946
46.112589,43.451696,12.652008,-1.700773
46.092727,43.139145,12.621659,-1.710504
46.072673,42.829415,12.591155,-1.721123
46.052780,42.523198,12.560527,-1.732613
46.033398,42.221184,12.529806,-1.744961
46.014877,41.924066,12.499023,-1.758149
45.997568,41.632535,12.468209,-1.772163
45.981823,41.347283,12.437396,-1.786986
45.967991,41.069000,12.406615,-1.802604
45.956423,40.798379,12.375897,-1.819000
45.947471,40.536111,12.345273,-1.836159
45.941484,40.282887,12.314775,-1.854066
45.938813,40.039400,12.284434,-1.872704
45.939809,39.806340,12.254281,-1.892059
45.944823,39.584399,12.224348,-1.912115
45.954206,39.374269,12.194665,-1.932855
45.968307,39.176641,12.165264,-1.954265
45.987478,38.992207,12.136176,-1.976329
46.012070,38.821658,12.107432,-1.999031
46.042432,38.665685,12.079064,-2.022356
46.078916,38.524981,12.051103,-2.046288
46.121873,38.400237,12.023580,-2.070812
46.171653,38.292144,11.996526,-2.095911
46.228606,38.201394,11.969972,-2.121571
46.293084,38.128678,11.943951,-2.147776
46.365437,38.074688,11.918492,-2.174509
46.446016,38.040115,11.893628,-2.201757
46.535171,38.025652,11.869389,-2.229502
46.633156,38.031765,11.845806,-2.257731
46.739790,38.057938,11.822897,-2.286434
46.854775,38.103384,11.800684,-2.315606
46.977812,38.167315,11.779183,-2.345238
47.108604,38.248943,11.758414,-2.375324
47.246851,38.347480,11.738395,-2.405856
47.392255,38.462139,11.719144,-2.436828
47.544517,38.592131,11.700681,-2.468231
47.703339,38.736669,11.683024,-2.500060
47.868422,38.894965,11.666191,-2.532306
48.039469,39.066231,11.650201,-2.564963
48.216179,39.249680,11.635073,-2.598023
48.398255,39.444523,11.620825,-2.631479
48.585399,39.649973,11.607476,-2.665325
48.777311,39.865243,11.595045,-2.699553
48.973693,40.089543,11.583549,-2.734156
49.174247,40.322088,11.573008,-2.769126
49.378674,40.562088,11.563440,-2.804457
49.586676,40.808756,11.554864,-2.840142
49.797954,41.061304,11.547299,-2.876173
50.012209,41.318944,11.540762,-2.912543
50.229143,41.580889,11.535273,-2.949245
50.448458,41.846351,11.530850,-2.986271
50.669854,42.114542,11.527511,-3.023616
50.893034,42.384674,11.525276,-3.061271
51.117699,42.655960,11.524163,-3.099230
51.343551,42.927611,11.524190,-3.137484
51.570290,43.198840,11.525376,3.107157
51.797618,43.468859,11.527740,3.068331
52.025237,43.736880,11.531301,3.029230
52.252848,44.002116,11.536076,2.989862
52.480153,44.263779,11.542084,2.950233
52.706854,44.521081,11.549345,2.910351
52.932650,44.773233,11.557876,2.870222
53.157245,45.019449,11.567696,2.829855
53.380340,45.258941,11.578824,2.789255
53.601635,45.490920,11.591278,2.748431
53.820834,45.714600,11.605078,2.707389
54.037636,45.929191,11.620240,2.666136
54.251743,46.133907,11.636785,2.624680
54.462858,46.327960,11.654731,2.583028
54.670681,46.510561,11.674096,2.541187
54.874914,46.680923,11.694899,2.499164
55.075258,46.838259,11.717158,2.456966
55.271415,46.981780,11.740893,2.414601
55.463086,47.110699,11.766121,2.372075
55.649973,47.224228,11.792861,2.329396
55.831778,47.321579,11.821132,2.286571
56.008210,47.402006,11.850948,2.243607
56.179137,47.465445,11.882242,2.200531
56.344549,47.512383,11.914885,2.157380
56.504441,47.543322,11.948745,2.114193
56.658809,47.558765,11.983690,2.071008
56.807645,47.559216,12.019587,2.027866
56.950947,47.545176,12.056306,1.984804
57.088708,47.517149,12.093713,1.941861
57.220923,47.475637,12.131678,1.899077
57.347587,47.421144,12.170068,1.856489
57.468694,47.354172,12.208751,1.814137
57.584241,47.275223,12.247595,1.772060
57.694220,47.184801,12.286469,1.730296
57.798628,47.083408,12.325240,1.688884
57.897459,46.971548,12.363777,1.647862
57.990708,46.849722,12.401947,1.607271
58.078370,46.718434,12.439619,1.567148
58.160438,46.578187,12.476661,1.527532
58.236910,46.429483,12.512941,1.488463
58.307778,46.272825,12.548326,1.449978
58.373038,46.108715,12.582686,1.412117
58.432685,45.937658,12.615887,1.374918
58.486713,45.760155,12.647799,1.338421
58.535117,45.576709,12.678288,1.302664
58.577893,45.387824,12.707224,1.267685
58.615035,45.194001,12.734474,1.233525
58.646537,44.995743,12.759907,1.200221
58.672395,44.793554,12.783390,1.167812
58.692603,44.587937,12.804792,1.136337
58.707156,44.379393,12.823980,1.105835
58.716050,44.168426,12.840822,1.076345
58.719278,43.955539,12.855188,1.047905
58.716835,43.741234,12.866944,1.020554
58.708717,43.526014,12.875959,0.994332
58.694918,43.310382,12.882102,0.969276
58.675433,43.094840,12.885239,0.945426
58.650257,42.879893,12.885239,0.922821
58.619385,42.666041,12.881970,0.901498
58.582811,42.453789,12.875301,0.881498
58.540530,42.243638,12.865099,0.862859
58.492538,42.036092,12.851232,0.845619
58.438828,41.831654,12.833569,0.829818
58.379396,41.630826,12.811977,0.815494
58.314236,41.434110,12.786324,0.802686
58.243343,41.242011,12.756480,0.791434
58.166713,41.055030,12.722311,0.781774
58.084340,40.873671,12.683686,0.773747
57.996218,40.698435,12.640473,0.767392
57.902343,40.529826,12.592540,0.762746
57.802772,40.368158,12.539859,0.759823
57.697704,40.213323,12.482635,0.758579
57.587358,40.065150,12.421108,0.758961
57.471952,39.923474,12.355514,0.760916
57.351705,39.788126,12.286093,0.764392
57.226835,39.658937,12.213081,0.769335
57.097561,39.535741,12.136718,0.775694
56.964101,39.418368,12.057240,0.783415
56.826673,39.306650,11.974887,0.792446
56.685497,39.200421,11.889896,0.802734
56.540791,39.099511,11.802506,0.814227
56.392773,39.003753,11.712954,0.826872
56.241662,38.912979,11.621479,0.840617
56.087676,38.827020,11.528318,0.855407
55.931034,38.745709,11.433710,0.871192
55.771954,38.668878,11.337893,0.887918
55.610655,38.596358,11.241105,0.905533
55.447356,38.527982,11.143584,0.923984
55.282274,38.463581,11.045568,0.943218
55.115629,38.402988,10.947295,0.963183
54.947639,38.346034,10.849004,0.983826
54.778522,38.292552,10.750931,1.005094
54.608497,38.242374,10.653317,1.026935
54.437783,38.195330,10.556397,1.049296
54.266597,38.151255,10.460411,1.072125
54.095159,38.109978,10.365597,1.095368
53.923687,38.071333,10.272193,1.118974
53.752400,38.035152,10.180436,1.142889
53.581516,38.001266,10.090565,1.167060
53.411253,37.969507,10.002818,1.191436
53.241830,37.939708,9.917434,1.215964
53.073466,37.911700,9.834649,1.240590
52.906379,37.885315,9.754702,1.265262
52.740788,37.860385,9.677832,1.289928
52.576911,37.836743,9.604277,1.314535
52.414966,37.814220,9.534273,1.339030
52.255173,37.792648,9.468061,1.363361
52.097749,37.771859,9.405876,1.387474
51.942914,37.751686,9.347959,1.411318
51.790885,37.731959,9.294546,1.434840
51.641882,37.712512,9.245877,1.457986
51.496122,37.693176,9.202188,1.480705
51.353824,37.673783,9.163718,1.502943
51.215208,37.654165,9.130705,1.524648
51.080490,37.634154,9.103388,1.545768
50.949890,37.613582,9.082003,1.566249
50.823627,37.592281,9.066790,1.586039
50.701919,37.570083,9.057987,1.605086
50.584953,37.546828,9.055790,1.623343
50.472696,37.522409,9.060099,1.640817
50.365015,37.496744,9.070682,1.657535
50.261779,37.469752,9.087309,1.673525
50.162854,37.441349,9.109746,1.688816
50.068109,37.411455,9.137762,1.703435
49.977411,37.379986,9.171125,1.717412
49.890628,37.346862,9.209602,1.730773
49.807627,37.311999,9.252963,1.743547
49.728277,37.275317,9.300976,1.755762
49.652444,37.236732,9.353407,1.767446
49.579997,37.196163,9.410026,1.778627
49.510803,37.153528,9.470600,1.789334
49.444729,37.108744,9.534897,1.799595
49.381644,37.061730,9.602686,1.809436
49.321415,37.012403,9.673735,1.818888
49.263910,36.960682,9.747811,1.827977
49.208996,36.906485,9.824683,1.836733
49.156541,36.849729,9.904119,1.845182
49.106413,36.790332,9.985887,1.853354
49.058479,36.728212,10.069755,1.861275
49.012607,36.663288,10.155490,1.868975
48.968665,36.595477,10.242862,1.876482
48.926520,36.524697,10.331638,1.883823
48.886039,36.450866,10.421587,1.891027
48.847092,36.373902,10.512476,1.898121
48.809544,36.293723,10.604073,1.905135
48.773265,36.210248,10.696147,1.912095
48.738121,36.123392,10.788465,1.919031
48.703980,36.033076,10.880796,1.925969
48.670710,35.939217,10.972908,1.932939
48.638178,35.841732,11.064568,1.939969
48.606252,35.740540,11.155546,1.947086
48.574801,35.635558,11.245608,1.954319
48.543690,35.526705,11.334523,1.961695
48.512789,35.413899,11.422060,1.969243
48.481965,35.297057,11.507986,1.976992
48.451085,35.176098,11.592069,1.984968
48.420017,35.050938,11.674077,1.993200
48.388628,34.921497,11.753778,2.001717
48.356787,34.787693,11.830942,2.010547
48.324361,34.649442,11.905334,2.019716
48.291218,34.506664,11.976725,2.029255
48.257225,34.359276,12.044881,2.039190
48.222250,34.207196,12.109571,2.049550
48.186160,34.050341,12.170562,2.060363
48.148824,33.888631,12.227624,2.071657
48.110108,33.721983,12.280523,2.083460
48.069884,33.550320,12.329032,2.095799
48.028092,33.373786,12.373038,2.108671
47.984764,33.192789,12.412572,2.122031
47.939939,33.007756,12.447674,2.135834
47.893652,32.819113,12.478383,2.150034
47.845941,32.627288,12.504739,2.164585
47.796844,32.432706,12.526783,2.179442
47.746398,32.235794,12.544554,2.194559
47.694639,32.036979,12.558091,2.209891
47.641605,31.836687,12.567435,2.225390
47.587333,31.635344,12.572625,2.241012
47.531861,31.433378,12.573701,2.256711
47.475225,31.231214,12.570703,2.272441
47.417463,31.029279,12.563671,2.288156
47.358612,30.828000,12.552644,2.303811
47.298710,30.627803,12.537663,2.319360
47.237793,30.429115,12.518767,2.334756
47.175898,30.232361,12.495996,2.349955
47.113063,30.037970,12.469390,2.364911
47.049326,29.846366,12.438988,2.379577
46.984723,29.657978,12.404831,2.393908
46.919291,29.473230,12.366957,2.407859
46.853068,29.292550,12.325408,2.421383
46.786091,29.116364,12.280223,2.434435
46.718397,28.945099,12.231441,2.446969
46.650023,28.779181,12.179103,2.458939
46.581007,28.619036,12.123247,2.470299
46.511385,28.465092,12.063915,2.481004
46.441196,28.317775,12.001145,2.491009
46.370476,28.177510,11.934979,2.500266
46.299262,28.044726,11.865454,2.508731
46.227591,27.919847,11.792612,2.516357
46.155502,27.803302,11.716492,2.523100
46.083030,27.695515,11.637133,2.528913
46.010214,27.596914,11.554576,2.533750
45.937090,27.507926,11.468861,2.537566
45.863696,27.428976,11.380027,2.540314
45.790068,27.360491,11.288114,2.541950
45.716245,27.302898,11.193161,2.542427
45.642263,27.256624,11.095210,2.541700
45.568159,27.222094,10.994298,2.539723
45.493971,27.199735,10.890467,2.536450
45.419736,27.189975,10.783756,2.531835
45.345491,27.193238,10.674205,2.525833
45.271273,27.209952,10.561854,2.518398
45.197120,27.240544,10.446742,2.509483
45.123069,27.285439,10.328909,2.499045
45.049156,27.345064,10.208395,2.487035
44.975420,27.419847,10.085240,2.473410
44.901930,27.510046,9.959521,2.458138
44.828875,27.615321,9.831450,2.441247
44.756473,27.735191,9.701268,2.422775
44.684940,27.869178,9.569218,2.402762
44.614493,28.016803,9.435541,2.381247
44.545348,28.177586,9.300481,2.358270
44.477722,28.351048,9.164280,2.333871
44.411831,28.536710,9.027179,2.308088
44.347892,28.734094,8.889421,2.280961
44.286123,28.942719,8.751249,2.252529
44.226739,29.162107,8.612903,2.222833
44.169956,29.391779,8.474627,2.191910
44.115993,29.631255,8.336663,2.159801
44.065064,29.880057,8.199252,2.126545
44.017388,30.137704,8.062638,2.092181
43.973180,30.403719,7.927062,2.056749
43.932657,30.677622,7.792767,2.020288
43.896037,30.958934,7.659994,1.982838
43.863534,31.247175,7.528987,1.944438
43.835367,31.541867,7.399986,1.905127
43.811751,31.842531,7.273236,1.864945
43.792904,32.148686,7.148976,1.823931
43.779041,32.459855,7.027451,1.782124
43.770380,32.775558,6.908901,1.739565
43.767137,33.095316,6.793570,1.696292
43.769530,33.418649,6.681699,1.652344
43.777773,33.745079,6.573531,1.607762
43.792085,34.074127,6.469308,1.562584
43.812681,34.405313,6.369271,1.516850
43.839779,34.738158,6.273664,1.470599
43.873594,35.072184,6.182729,1.423871
43.914344,35.406910,6.096707,1.376706
43.962246,35.741858,6.015842,1.329141
44.017515,36.076549,5.940374,1.281218
44.080369,36.410504,5.870547,1.232975
44.151023,36.743243,5.806602,1.184451
44.229696,37.074287,5.748782,1.135687
44.316603,37.403157,5.697329,1.086721
44.411960,37.729375,5.652485,1.037593
44.515986,38.052460,5.614492,0.988343
44.628895,38.371935,5.583594,0.939009
44.750906,38.687318,5.560030,0.889631
44.882234,38.998133,5.544045,0.840248
45.023096,39.303899,5.535881,0.790901
45.173708,39.604137,5.535778,0.741628
45.334288,39.898368,5.543981,0.692468
45.505053,40.186113,5.560730,0.643461
45.686217,40.466893,5.586268,0.594647
45.877966,40.740249,5.620810,0.546064
46.080065,41.005976,5.664216,0.497736
46.291997,41.264043,5.716110,0.449679
46.513237,41.514423,5.776106,0.401908
46.743262,41.757088,5.843822,0.354439
46.981547,41.992009,5.918875,0.307287
47.227570,42.219161,6.000881,0.260467
47.480805,42.438514,6.089456,0.213993
47.740730,42.650042,6.184218,0.167883
48.006819,42.853716,6.284783,0.122150
48.278551,43.049509,6.390768,0.076811
48.555400,43.237393,6.501789,0.031880
48.836842,43.417341,6.617463,-0.012628
49.122355,43.589325,6.737406,-0.056696
49.411414,43.753317,6.861235,-0.100310
49.703494,43.909289,6.988568,-0.143455
49.998074,44.057214,7.119020,-0.186115
50.294627,44.197065,7.252208,-0.228275
50.592632,44.328813,7.387749,-0.269920
50.891563,44.452431,7.525259,-0.311034
51.190897,44.567892,7.664355,-0.351602
51.490110,44.675167,7.804654,-0.391609
51.788678,44.774229,7.945772,-0.431040
52.086078,44.865050,8.087326,-0.469879
52.381785,44.947603,8.228933,-0.508111
52.675276,45.021859,8.370209,-0.545721
52.966027,45.087792,8.510771,-0.582694
53.253514,45.145374,8.650235,-0.619013
53.537212,45.194577,8.788219,-0.654665
53.816600,45.235372,8.924338,-0.689633
54.091151,45.267734,9.058210,-0.723903
54.360343,45.291633,9.189450,-0.757459
54.623652,45.307043,9.317677,-0.790286
54.880554,45.313935,9.442506,-0.822368
55.130524,45.312283,9.563554,-0.853691
55.373040,45.302057,9.680437,-0.884239
55.607577,45.283231,9.792773,-0.913997
55.833612,45.255778,9.900177,-0.942949
56.050620,45.219668,10.002268,-0.971081
56.258078,45.174875,10.098660,-0.998376
56.455461,45.121371,10.188971,-1.024820
56.642247,45.059129,10.272818,-1.050398
56.817911,44.988120,10.349816,-1.075094
56.981929,44.908317,10.419584,-1.098893
57.133778,44.819693,10.481737,-1.121779
57.272934,44.722219,10.535892,-1.143738
57.398872,44.615868,10.581665,-1.164753
57.511069,44.500612,10.618674,-1.184811
57.609004,44.376425,10.646536,-1.203895
57.692437,44.243379,10.665088,-1.222007
57.761665,44.101732,10.674575,-1.239177
57.817045,43.951767,10.675289,-1.255439
57.858935,43.793763,10.667523,-1.270827
57.887690,43.628000,10.651570,-1.285375
57.903668,43.454760,10.627720,-1.299117
57.907225,43.274323,10.596268,-1.312088
57.898718,43.086969,10.557504,-1.324322
57.878504,42.892980,10.511722,-1.335852
57.846940,42.692635,10.459214,-1.346712
57.804382,42.486215,10.400271,-1.356937
57.751188,42.274002,10.335187,-1.366561
57.687714,42.056274,10.264254,-1.375618
57.614317,41.833314,10.187763,-1.384141
57.531353,41.605401,10.106007,-1.392166
57.439181,41.372817,10.019279,-1.399725
57.338156,41.135841,9.927871,-1.406853
57.228635,40.894754,9.832074,-1.413585
57.110975,40.649837,9.732182,-1.419953
56.985533,40.401371,9.628487,-1.425993
56.852666,40.149635,9.521281,-1.431738
56.712730,39.894911,9.410856,-1.437223
56.566082,39.637479,9.297505,-1.442480
56.413080,39.377620,9.181519,-1.447546
56.254079,39.115614,9.063192,-1.452453
56.089437,38.851742,8.942815,-1.457235
55.919511,38.586284,8.820681,-1.461927
55.744657,38.319521,8.697082,-1.466563
55.565232,38.051734,8.572311,-1.471176
55.381593,37.783202,8.446659,-1.475802
55.194097,37.514208,8.320419,-1.480473
55.003100,37.245030,8.193883,-1.485225
54.808960,36.975951,8.067345,-1.490090
54.612033,36.707250,7.941095,-1.495103
54.412676,36.439207,7.815426,-1.500299
54.211246,36.172105,7.690631,-1.505711
54.008099,35.906222,7.567001,-1.511373
53.803593,35.641840,7.444830,-1.517320
53.598084,35.379239,7.324409,-1.523585
53.391929,35.118700,7.206031,-1.530202
53.185485,34.860504,7.089988,-1.537206
52.979109,34.604930,6.976572,-1.544631
52.773157,34.352260,6.866076,-1.552510
52.567987,34.102774,6.758792,-1.560878
52.363954,33.856752,6.655012,-1.569769
52.161416,33.614476,6.555028,-1.579217
51.960731,33.376226,6.459134,-1.589256
51.762253,33.142282,6.367621,-1.599920
51.566303,32.912910,6.280742,-1.611234
51.372968,32.688293,6.198526,-1.623173
51.182257,32.468581,6.120917,-1.635693
50.994175,32.253924,6.047857,-1.648751
50.808727,32.044474,5.979292,-1.662301
50.625920,31.840380,5.915166,-1.676301
50.445761,31.641794,5.855422,-1.690706
50.268254,31.448865,5.800004,-1.705471
50.093407,31.261746,5.748857,-1.720554
49.921225,31.080586,5.701924,-1.735909
49.751715,30.905535,5.659149,-1.751493
49.584882,30.736746,5.620477,-1.767263
49.420732,30.574367,5.585851,-1.783173
49.259273,30.418550,5.555215,-1.799180
49.100508,30.269446,5.528514,-1.815240
48.944446,30.127204,5.505691,-1.831308
48.791092,29.991977,5.486691,-1.847342
48.640451,29.863913,5.471457,-1.863296
48.492531,29.743165,5.459933,-1.879127
48.347336,29.629881,5.452064,-1.894790
48.204874,29.524215,5.447793,-1.910243
48.065150,29.426314,5.447064,-1.925440
47.928171,29.336332,5.449821,-1.940337
47.793941,29.254417,5.456009,-1.954892
47.662469,29.180721,5.465572,-1.969059
47.533759,29.115394,5.478452,-1.982794
47.407817,29.058587,5.494595,-1.996054
47.284651,29.010451,5.513944,-2.008795
47.164265,28.971135,5.536444,-2.020972
47.046666,28.940792,5.562038,-2.032542
46.931860,28.919570,5.590670,-2.043460
46.819854,28.907622,5.622285,-2.053682
46.710652,28.905097,5.656826,-2.063165
46.604262,28.912147,5.694237,-2.071865
46.500688,28.928922,5.734462,-2.079736
46.399939,28.955571,5.777446,-2.086737
46.302019,28.992247,5.823132,-2.092821
46.206934,29.039100,5.871465,-2.097946
46.114691,29.096280,5.922387,-2.102067
46.025296,29.163938,5.975844,-2.105140
45.938754,29.242225,6.031780,-2.107122
45.855072,29.331291,6.090137,-2.107968
45.774257,29.431287,6.150861,-2.107634
45.696313,29.542363,6.213895,-2.106076
45.621247,29.664670,6.279184,-2.103251
45.549066,29.798359,6.346670,-2.099113
45.479775,29.943580,6.416299,-2.093620
45.413380,30.100485,6.488015,-2.086727
45.349889,30.269212,6.561758,-2.078391
45.289328,30.449653,6.637415,-2.068602
45.231744,30.641434,6.714812,-2.057386
45.177188,30.844172,6.793774,-2.044767
45.125708,31.057481,6.874125,-2.030772
45.077352,31.280977,6.955690,-2.015426
45.032171,31.514276,7.038291,-1.998756
44.990211,31.756993,7.121754,-1.980787
44.951523,32.008743,7.205903,-1.961545
44.916156,32.269142,7.290562,-1.941056
44.884157,32.537805,7.375554,-1.919347
44.855577,32.814348,7.460706,-1.896442
44.830464,33.098387,7.545839,-1.872368
44.808866,33.389536,7.630780,-1.847151
44.790833,33.687411,7.715351,-1.820817
44.776414,33.991629,7.799378,-1.793391
44.765657,34.301803,7.882684,-1.764900
44.758612,34.617549,7.965093,-1.735369
44.755327,34.938484,8.046431,-1.704825
44.755851,35.264222,8.126520,-1.673292
44.760233,35.594379,8.205185,-1.640798
44.768522,35.928571,8.282251,-1.607367
44.780767,36.266412,8.357542,-1.573027
44.797017,36.607518,8.430881,-1.537802
44.817320,36.951506,8.502093,-1.501720
44.841726,37.297989,8.571002,-1.464804
44.870283,37.646585,8.637433,-1.427083
44.903040,37.996907,8.701210,-1.388581
44.940046,38.348572,8.762156,-1.349324
44.981350,38.701195,8.820096,-1.309338
45.027001,39.054391,8.874855,-1.268650
45.077048,39.407776,8.926256,-1.227284
45.131540,39.760966,8.974123,-1.185268
45.190525,40.113576,9.018282,-1.142626
45.254052,40.465221,9.058555,-1.099385
45.322171,40.815516,9.094768,-1.055571
45.394930,41.164078,9.126744,-1.011210
45.472378,41.510522,9.154308,-0.966327
45.554564,41.854463,9.177283,-0.920948
45.641537,42.195516,9.195495,-0.875100
45.733346,42.533298,9.208767,-0.828808
45.830039,42.867423,9.216923,-0.782098
45.931666,43.197507,9.219788,-0.734996
46.038275,43.523165,9.217186,-0.687528
46.149915,43.844013,9.208941,-0.639720
46.266636,44.159667,9.194877,-0.591598
46.388486,44.469741,9.174819,-0.543187
46.515513,44.773852,9.148591,-0.494514
46.647767,45.071614,9.116016,-0.445604
46.785196,45.362738,9.077007,-0.396481
46.927444,45.647212,9.031739,-0.347156
47.074100,45.925078,8.980435,-0.297641
47.224753,46.196380,8.923319,-0.247948
47.378990,46.461160,8.860615,-0.198085
47.536400,46.719459,8.792546,-0.148066
47.696571,46.971319,8.719337,-0.097900
47.859092,47.216784,8.641211,-0.047599
48.023552,47.455895,8.558392,0.002826
48.189537,47.688694,8.471103,0.053364
48.356638,47.915224,8.379569,0.104005
48.524442,48.135527,8.284012,0.154738
48.692537,48.349644,8.184658,0.205551
48.860513,48.557620,8.081729,0.256433
49.027957,48.759494,7.975450,0.307374
49.194457,48.955310,7.866044,0.358362
49.359603,49.145111,7.753735,0.409387
49.522982,49.328937,7.638747,0.460438
49.684183,49.506832,7.521303,0.511503
49.842795,49.678837,7.401627,0.562572
49.998404,49.844995,7.279943,0.613633
50.150601,50.005348,7.156475,0.664676
50.298974,50.159938,7.031447,0.715690
50.443109,50.308808,6.905081,0.766664
50.582598,50.451999,6.777603,0.817587
50.717026,50.589554,6.649236,0.868447
50.845984,50.721516,6.520203,0.919235
50.969058,50.847925,6.390728,0.969938
51.085838,50.968825,6.261036,1.020546
51.195913,51.084258,6.131349,1.071048
51.298869,51.194266,6.001892,1.121433
51.394297,51.298891,5.872888,1.171691
51.481783,51.398175,5.744561,1.221809
51.560917,51.492161,5.617135,1.271777
51.631287,51.580891,5.490834,1.321585
51.692481,51.664407,5.365881,1.371220
51.744087,51.742751,5.242501,1.420673
51.785695,51.815965,5.120916,1.469932
51.816892,51.884092,5.001351,1.518987
51.837267,51.947174,4.884030,1.567825
51.846407,52.005253,4.769175,1.616437
51.843903,52.058372,4.657012,1.664812
51.829341,52.106572,4.547763,1.712937
51.802310,52.149895,4.441653,1.760804
51.762399,52.188385,4.338905,1.808399
51.709196,52.222083,4.239743,1.855713
51.642289,52.251031,4.144391,1.902735
51.561267,52.275272,4.053072,1.949453
51.465781,52.294845,3.965996,1.995858
51.356118,52.309765,3.883221,2.041953
51.232927,52.320031,3.804721,2.087749
51.096863,52.325643,3.730469,2.133257
50.948580,52.326601,3.660438,2.178488
50.788733,52.322904,3.594599,2.223453
50.617975,52.314551,3.532925,2.268162
50.436962,52.301543,3.475388,2.312627
50.246347,52.283878,3.421962,2.356859
50.046785,52.261557,3.372618,2.400868
49.838930,52.234578,3.327329,2.444665
49.623437,52.202942,3.286068,2.488262
49.400960,52.166649,3.248806,2.531668
49.172153,52.125697,3.215517,2.574896
48.937671,52.080086,3.186173,2.617956
48.698169,52.029816,3.160746,2.660859
48.454299,51.974886,3.139209,2.703615
48.206718,51.915297,3.121534,2.746236
47.956079,51.851047,3.107694,2.788733
47.703036,51.782136,3.097662,2.831117
47.448245,51.708563,3.091409,2.873397
47.192359,51.630329,3.088908,2.915587
46.936032,51.547433,3.090132,2.957695
46.679920,51.459874,3.095053,2.999734
46.424676,51.367652,3.103644,3.041713
46.170955,51.270767,3.115877,3.083645
45.919411,51.169218,3.131724,3.125540
45.670698,51.063004,3.151158,-3.115777
45.425472,50.952126,3.174152,-3.073924
45.184385,50.836583,3.200679,-3.032075
44.948094,50.716374,3.230709,-2.990220
44.717251,50.591499,3.264216,-2.948347
44.492512,50.461958,3.301173,-2.906445
44.274531,50.327749,3.341552,-2.864505
44.063962,50.188874,3.385325,-2.822514
43.861459,50.045331,3.432465,-2.780462
43.667677,49.897119,3.482945,-2.738338
43.483270,49.744239,3.536736,-2.696131
43.308893,49.586691,3.593811,-2.653830
43.145200,49.424472,3.654143,-2.611424
42.992845,49.257584,3.717705,-2.568903
42.852483,49.086026,3.784468,-2.526255
42.724768,48.909796,3.854405,-2.483470
42.610355,48.728896,3.927489,-2.440536
42.509897,48.543324,4.003692,-2.397443
42.424050,48.353081,4.082987,-2.354179
42.353467,48.158164,4.165346,-2.310735
42.298802,47.958575,4.250741,-2.267098
42.260706,47.754315,4.339144,-2.223259
42.239437,47.545531,4.430483,-2.179223
42.234637,47.332598,4.524614,-2.135023
42.245893,47.115916,4.621384,-2.090695
42.272791,46.895880,4.720644,-2.046273
42.314917,46.672890,4.822244,-2.001794
42.371857,46.447343,4.926031,-1.957292
42.443198,46.219636,5.031857,-1.912803
42.528525,45.990166,5.139569,-1.868362
42.627426,45.759332,5.249018,-1.824004
42.739486,45.527531,5.360052,-1.779764
42.864292,45.295160,5.472521,-1.735679
43.001430,45.062618,5.586275,-1.691782
43.150485,44.830301,5.701162,-1.648109
43.311045,44.598607,5.817032,-1.604696
43.482696,44.367935,5.933734,-1.561578
43.665024,44.138680,6.051118,-1.518791
43.857614,43.911242,6.169033,-1.476368
44.060054,43.686017,6.287328,-1.434346
44.271930,43.463404,6.405852,-1.392760
44.492827,43.243799,6.524455,-1.351646
44.722333,43.027601,6.642987,-1.311038
44.960033,42.815206,6.761296,-1.270971
45.205514,42.607013,6.879231,-1.231482
45.458361,42.403419,6.996643,-1.192605
45.718162,42.204822,7.113380,-1.154376
45.984502,42.011619,7.229292,-1.116829
46.256968,41.824208,7.344228,-1.080001
46.535145,41.642987,7.458038,-1.043926
46.818621,41.468352,7.570570,-1.008640
47.106981,41.300702,7.681674,-0.974178
47.399812,41.140434,7.791200,-0.940575
47.696699,40.987946,7.898996,-0.907867
47.997230,40.843635,8.004912,-0.876088
48.300990,40.707899,8.108797,-0.845274
48.607566,40.581135,8.210501,-0.815461
48.916543,40.463742,8.309873,-0.786684
49.227509,40.356116,8.406763,-0.758977
49.540049,40.258656,8.501018,-0.732377
49.853750,40.171758,8.592490,-0.706918
50.168198,40.095821,8.681027,-0.682636
50.482979,40.031241,8.766479,-0.659565
50.797679,39.978418,8.848694,-0.637742
51.111885,39.937747,8.927522,-0.617202
51.425182,39.909627,9.002813,-0.597980
51.737158,39.894456,9.074416,-0.580110
52.047399,39.892630,9.142180,-0.563629
52.355490,39.904548,9.205954,-0.548572
52.661018,39.930607,9.265589,-0.534973
52.963598,39.971073,9.320972,-0.522862
53.262989,40.025579,9.372192,-0.512230
53.558991,40.093563,9.419393,-0.503059
53.851406,40.174464,9.462723,-0.495331
54.140035,40.267721,9.502326,-0.489027
54.424679,40.372772,9.538348,-0.484131
54.705139,40.489056,9.570937,-0.480622
54.981216,40.616012,9.600237,-0.478484
55.252712,40.753079,9.626394,-0.477697
55.519427,40.899696,9.649555,-0.478244
55.781163,41.055301,9.669866,-0.480106
56.037720,41.219333,9.687471,-0.483265
56.288901,41.391231,9.702519,-0.487703
56.534505,41.570434,9.715153,-0.493402
56.774335,41.756381,9.725521,-0.500343
57.008191,41.948509,9.733768,-0.508508
57.235874,42.146259,9.740040,-0.517879
57.457186,42.349069,9.744483,-0.528438
57.671928,42.556378,9.747244,-0.540166
57.879900,42.767624,9.748467,-0.553045
58.080905,42.982247,9.748299,-0.567057
58.274742,43.199684,9.746887,-0.582184
58.461214,43.419376,9.744375,-0.598408
58.640122,43.640760,9.740910,-0.615710
58.811266,43.863275,9.736637,-0.634072
58.974447,44.086361,9.731704,-0.653475
59.129467,44.309456,9.726255,-0.673902
59.276128,44.531999,9.720436,-0.695335
59.414229,44.753428,9.714395,-0.717754
59.543572,44.973183,9.708275,-0.741143
59.663959,45.190702,9.702225,-0.765482
59.775191,45.405424,9.696388,-0.790753
59.877068,45.616788,9.690912,-0.816938
59.969391,45.824232,9.685942,-0.844020
60.051963,46.027196,9.681625,-0.871979
60.124583,46.225117,9.678106,-0.900797
60.187054,46.417436,9.675531,-0.930457
60.239176,46.603591,9.674046,-0.960940
60.280750,46.783020,9.673797,-0.992227
60.311578,46.955162,9.674930,-1.024301
60.331461,47.119457,9.677591,-1.057143
60.340199,47.275342,9.681927,-1.090735
60.337595,47.422257,9.688082,-1.125059
60.323448,47.559641,9.696202,-1.160097
60.297561,47.686931,9.706435,-1.195830
60.259734,47.803568,9.718925,-1.232240
60.209768,47.908990,9.733819,-1.269309
60.147466,48.002635,9.751263,-1.307018
60.072646,48.083968,9.771394,-1.345349
59.985491,48.152919,9.794198,-1.384277
59.886499,48.209827,9.819525,-1.423771
59.776181,48.255048,9.847223,-1.463798
59.655045,48.288937,9.877138,-1.504328
59.523603,48.311847,9.909116,-1.545329
59.382364,48.324133,9.943004,-1.586770
59.231837,48.326151,9.978648,-1.628619
59.072534,48.318254,10.015896,-1.670844
58.904962,48.300797,10.054593,-1.713415
58.729633,48.274135,10.094586,-1.756299
58.547057,48.238623,10.135721,-1.799466
58.357742,48.194614,10.177845,-1.842883
58.162200,48.142464,10.220805,-1.886520
57.960939,48.082527,10.264447,-1.930345
57.754470,48.015158,10.308618,-1.974326
57.543303,47.940711,10.353163,-2.018432
57.327947,47.859541,10.397930,-2.062632
57.108912,47.772003,10.442766,-2.106894
56.886709,47.678450,10.487516,-2.151186
56.661847,47.579239,10.532027,-2.195477
56.434836,47.474722,10.576145,-2.239736
56.206186,47.365256,10.619718,-2.283932
55.976406,47.251194,10.662592,-2.328032
55.746007,47.132891,10.704612,-2.372005
55.515499,47.010702,10.745627,-2.415820
55.285390,46.884981,10.785482,-2.459446
55.056192,46.756083,10.824023,-2.502850
54.828414,46.624362,10.861098,-2.546002
54.602566,46.490173,10.896552,-2.588870
54.379158,46.353871,10.930233,-2.631422
54.158700,46.215810,10.961987,-2.673628
53.941701,46.076345,10.991660,-2.715455
53.728671,45.935831,11.019099,-2.756872
53.520121,45.794621,11.044150,-2.797848
53.316560,45.653071,11.066660,-2.838351
53.118498,45.511535,11.086475,-2.878350
52.926445,45.370368,11.103443,-2.917813
52.740910,45.229924,11.117409,-2.956709
52.562405,45.090559,11.128220,-2.995006
52.391437,44.952625,11.135722,-3.032674
52.228519,44.816479,11.139762,-3.069679
52.074158,44.682475,11.140187,-3.105992
51.928866,44.550967,11.136843,-3.141580
51.793151,44.422310,11.129576,3.106773
51.667525,44.296858,11.118233,3.072728
51.552496,44.174967,11.102661,3.039502
51.448575,44.056990,11.082706,3.007126
51.356270,43.943282,11.058215,2.975632
51.275865,43.834100,11.029133,2.945033
51.207077,43.729455,10.995649,2.915299
51.149537,43.629321,10.957989,2.886391
51.102875,43.533673,10.916379,2.858272
51.066724,43.442487,10.871047,2.830904
51.040715,43.355735,10.822218,2.804250
51.024478,43.273394,10.770120,2.778271
51.017645,43.195437,10.714978,2.752929
51.019846,43.121838,10.657020,2.728188
51.030714,43.052574,10.596470,2.704009
51.049879,42.987617,10.533557,2.680355
51.076973,42.926943,10.468506,2.657187
51.111626,42.870525,10.401544,2.634469
51.153470,42.818340,10.332897,2.612162
51.202135,42.770361,10.262793,2.590228
51.257254,42.726562,10.191456,2.568630
51.318457,42.686919,10.119114,2.547330
51.385375,42.651405,10.045993,2.526291
51.457640,42.619996,9.972320,2.505474
51.534883,42.592666,9.898320,2.484841
51.616734,42.569389,9.824222,2.464356
51.702825,42.550140,9.750250,2.443980
51.792788,42.534894,9.676631,2.423676
51.886253,42.523625,9.603593,2.403405
51.982851,42.516307,9.531360,2.383131
52.082214,42.512916,9.460161,2.362814
52.183973,42.513425,9.390221,2.342418
52.287759,42.517809,9.321766,2.321905
52.393203,42.526043,9.255024,2.301237
52.499937,42.538102,9.190220,2.280376
52.607590,42.553959,9.127581,2.259285
52.715796,42.573590,9.067334,2.237926
52.824184,42.596969,9.009705,2.216260
52.932386,42.624070,8.954920,2.194251
53.040034,42.654869,8.903206,2.171860
53.146757,42.689338,8.854789,2.149050
53.252188,42.727454,8.809896,2.125783
53.355958,42.769191,8.768753,2.102021
53.457697,42.814523,8.731587,2.077727
53.557038,42.863425,8.698624,2.052862
53.653610,42.915870,8.670091,2.027390
53.747046,42.971835,8.646214,2.001271
53.836976,43.031293,8.627219,1.974469
53.923032,43.094219,8.613333,1.946946
54.004844,43.160588,8.604783,1.918664
54.082045,43.230373,8.601794,1.889585
54.154264,43.303550,8.604594,1.859672
54.221134,43.380093,8.613409,1.828886
54.282325,43.459968,8.628432,1.797196
54.337834,43.543072,8.649590,1.764621
54.387812,43.629267,8.676686,1.731201
54.432414,43.718417,8.709516,1.696979
54.471791,43.810384,8.747881,1.661996
54.506096,43.905031,8.791581,1.626295
54.535484,44.002222,8.840413,1.589917
54.560106,44.101819,8.894178,1.552905
54.580117,44.203684,8.952675,1.515300
54.595668,44.307682,9.015702,1.477144
54.606913,44.413674,9.083060,1.438479
54.614006,44.521524,9.154547,1.399347
54.617098,44.631094,9.229963,1.359790
54.616344,44.742248,9.309107,1.319849
54.611896,44.854848,9.391778,1.279567
54.603907,44.968757,9.477775,1.238986
54.592531,45.083838,9.566899,1.198147
54.577920,45.199954,9.658947,1.157093
54.560227,45.316968,9.753719,1.115864
54.539606,45.434743,9.851015,1.074504
54.516209,45.553142,9.950634,1.033054
54.490190,45.672026,10.052374,0.991556
54.461702,45.791261,10.156036,0.950052
54.430897,45.910707,10.261418,0.908584
54.397929,46.030229,10.368320,0.867193
54.362950,46.149689,10.476541,0.825922
54.326115,46.268950,10.585880,0.784812
54.287575,46.387875,10.696137,0.743906
54.247484,46.506326,10.807110,0.703245
54.205995,46.624167,10.918600,0.662871
54.163261,46.741261,11.030404,0.622826
54.119435,46.857470,11.142323,0.583152
54.074671,46.972657,11.254156,0.543891
54.029120,47.086685,11.365701,0.505086
53.982937,47.199418,11.476759,0.466776
53.936273,47.310717,11.587129,0.429006
53.889284,47.420447,11.696609,0.391815
53.842120,47.528469,11.804999,0.355248
53.794936,47.634646,11.912098,0.319344
53.747884,47.738843,12.017706,0.284147
53.701118,47.840920,12.121621,0.249698
53.654790,47.940742,12.223644,0.216039
53.609054,48.038171,12.323572,0.183212
53.564063,48.133070,12.421206,0.151259
53.519969,48.225302,12.516345,0.120222
53.476926,48.314730,12.608788,0.090142
53.435087,48.401217,12.698334,0.061062
53.394604,48.484626,12.784783,0.033023
53.355630,48.564820,12.867936,0.006068
53.318239,48.641750,12.947705,-0.019791
53.282407,48.715475,13.024151,-0.044572
53.248098,48.786063,13.097345,-0.068298
53.215281,48.853582,13.167356,-0.090993
53.183923,48.918101,13.234257,-0.112680
53.153989,48.979688,13.298117,-0.133381
53.125448,49.038411,13.359008,-0.153119
53.098265,49.094338,13.417000,-0.171918
53.072408,49.147538,13.472163,-0.189800
53.047844,49.198078,13.524569,-0.206788
53.024539,49.246027,13.574288,-0.222905
53.002460,49.291453,13.621390,-0.238174
52.981575,49.334424,13.665948,-0.252618
52.961849,49.375008,13.708030,-0.266259
52.943251,49.413274,13.747708,-0.279121
52.925746,49.449290,13.785054,-0.291227
52.909301,49.483123,13.820136,-0.302600
52.893884,49.514843,13.853027,-0.313262
52.879462,49.544517,13.883796,-0.323236
52.866000,49.572214,13.912515,-0.332545
52.853467,49.598001,13.939254,-0.341213
52.841828,49.621947,13.964084,-0.349262
52.831051,49.644120,13.987076,-0.356715
52.821103,49.664588,14.008299,-0.363595
52.811950,49.683420,14.027826,-0.369925
52.803559,49.700683,14.045727,-0.375728
52.795898,49.716447,14.062072,-0.381026
52.788932,49.730778,14.076932,-0.385843
52.782630,49.743745,14.090379,-0.390202
52.776957,49.755417,14.102481,-0.394125
52.771880,49.765862,14.113311,-0.397636
52.767367,49.775147,14.122939,-0.400757
52.763385,49.783341,14.131436,-0.403511
52.759899,49.790512,14.138872,-0.405922
52.756878,49.796729,14.145318,-0.408011
52.754287,49.802059,14.150845,-0.409803
52.752094,49.806571,14.155523,-0.411320
52.750266,49.810333,14.159424,-0.412584
52.748769,49.813413,14.162618,-0.413619
52.747570,49.815879,14.165175,-0.414448
52.746637,49.817800,14.167166,-0.415094
52.745935,49.819243,14.168663,-0.415579
52.745432,49.820277,14.169735,-0.415927
52.745095,49.820970,14.170454,-0.416160
52.744891,49.821391,14.170890,-0.416301
52.744786,49.821607,14.171114,-0.416374
52.744747,49.821686,14.171197,-0.416400
52.744742,49.821698,14.171209,-0.416404
