49.826363,80.797689,8.000000,-1.570796
49.826359,80.797691,8.000000,-1.570796
49.826329,80.797699,8.000000,-1.570796
49.826248,80.797723,8.000000,-1.570794
49.826091,80.797769,8.000000,-1.570792
49.825832,80.797844,8.000000,-1.570788
49.825445,80.797957,8.000000,-1.570781
49.824905,80.798114,8.000000,-1.570772
49.824186,80.798323,8.000000,-1.570760
49.823264,80.798591,8.000000,-1.570745
49.822111,80.798926,8.000000,-1.570726
49.820704,80.799336,8.000000,-1.570703
49.819016,80.799827,8.000000,-1.570675
49.817022,80.800407,8.000000,-1.570642
49.814697,80.801084,8.000000,-1.570603
49.812014,80.801865,8.000000,-1.570559
49.808949,80.802756,8.000000,-1.570508
49.805475,80.803767,8.000000,-1.570450
49.801568,80.804904,8.000000,-1.570385
49.797202,80.806174,8.000000,-1.570313
49.792351,80.807586,8.000000,-1.570233
49.786990,80.809146,8.000000,-1.570144
49.781093,80.810862,8.000000,-1.570046
49.774635,80.812741,8.000000,-1.569939
49.767590,80.814791,8.000000,-1.569822
49.759933,80.817019,8.000000,-1.569696
49.751639,80.819432,8.000000,-1.569558
49.742681,80.822039,8.000000,-1.569410
49.733034,80.824846,8.000000,-1.569250
49.722673,80.827860,8.000000,-1.569078
49.711572,80.831090,8.000000,-1.568894
49.699707,80.834543,8.000000,-1.568697
49.687050,80.838226,8.000000,-1.568488
49.673577,80.842146,8.000000,-1.568264
49.659262,80.846311,8.000000,-1.568027
49.644080,80.850729,8.000000,-1.567776
49.628005,80.855406,8.000000,-1.567509
49.611012,80.860351,8.000000,-1.567228
49.593075,80.865570,8.000000,-1.566930
49.574168,80.871071,8.000000,-1.566617
49.554267,80.876862,8.000000,-1.566287
49.533345,80.882950,8.000000,-1.565941
49.511378,80.889342,8.000000,-1.565577
49.488339,80.896045,8.000000,-1.565195
49.464203,80.903068,8.000000,-1.564795
49.438945,80.910417,8.000000,-1.564376
49.412539,80.918101,8.000000,-1.563939
49.384960,80.926126,8.000000,-1.563482
49.356181,80.934500,8.000000,-1.563005
49.326183,80.943228,8.000000,-1.562508
49.295018,80.952297,8.000000,-1.561991
49.262792,80.961676,8.000000,-1.561456
49.229613,80.971334,8.000000,-1.560904
49.195587,80.981242,8.000000,-1.560336
49.160822,80.991369,8.000000,-1.559753
49.125425,81.001685,8.000000,-1.559158
49.089504,81.012159,8.000000,-1.558550
49.053167,81.022760,8.000000,-1.557932
49.016520,81.033459,8.000000,-1.557305
48.979671,81.044225,8.000000,-1.556669
48.942727,81.055028,8.000000,-1.556027
48.905796,81.065837,8.000000,-1.555379
48.868986,81.076622,8.000000,-1.554728
48.832403,81.087352,8.000000,-1.554073
48.796154,81.097998,8.000000,-1.553417
48.760349,81.108528,8.000000,-1.552761
48.725092,81.118913,8.000000,-1.552106
48.690493,81.129121,8.000000,-1.551453
48.656659,81.139123,8.000000,-1.550804
48.623696,81.148889,8.000000,-1.550159
48.591712,81.158387,8.000000,-1.549521
48.560815,81.167587,8.000000,-1.548891
48.531112,81.176460,8.000000,-1.548269
48.502711,81.184974,8.000000,-1.547657
48.475718,81.193100,8.000000,-1.547057
48.450242,81.200806,8.000000,-1.546470
48.426389,81.208063,8.000000,-1.545896
48.404266,81.214840,8.000000,-1.545338
48.383983,81.221107,8.000000,-1.544797
48.365645,81.226833,8.000000,-1.544273
48.349360,81.231988,8.000000,-1.543769
48.335235,81.236541,8.000000,-1.543285
48.323379,81.240463,8.000000,-1.542822
48.313898,81.243722,8.000000,-1.542383
48.306899,81.246289,8.000000,-1.541968
48.302490,81.248133,8.000000,-1.541579
48.300779,81.249223,8.000000,-1.541217
48.301873,81.249530,8.000000,-1.540883
48.305879,81.249022,8.000000,-1.540579
48.312904,81.247670,8.000000,-1.540305
48.323056,81.245444,8.000000,-1.540064
48.336443,81.242311,8.000000,-1.539856
48.353172,81.238243,8.000000,-1.539683
48.373349,81.233210,8.000000,-1.539545
48.397083,81.227179,8.000000,-1.539445
48.424481,81.220122,8.000000,-1.539384
48.455651,81.212007,8.000000,-1.539363
48.490698,81.202805,8.000000,-1.539382
48.529645,81.192484,8.000000,-1.539444
48.572333,81.181011,8.000000,-1.539547
48.618584,81.168353,8.000000,-1.539690
48.668219,81.154476,8.000000,-1.539872
48.721057,81.139347,8.000000,-1.540093
48.776920,81.122932,8.000000,-1.540352
48.835628,81.105199,8.000000,-1.540647
48.897002,81.086115,8.000000,-1.540978
48.960863,81.065644,8.000000,-1.541345
49.027030,81.043756,8.000000,-1.541745
49.095326,81.020415,8.000000,-1.542179
49.165570,80.995589,8.000000,-1.542646
49.237583,80.969245,8.000000,-1.543144
49.311186,80.941349,8.000000,-1.543673
49.386199,80.911867,8.000000,-1.544231
49.462444,80.880767,8.000000,-1.544819
49.539740,80.848015,8.000000,-1.545434
49.617909,80.813578,8.000000,-1.546078
49.696771,80.777423,8.000000,-1.546747
49.776146,80.739515,8.000000,-1.547442
49.855856,80.699823,8.000000,-1.548161
49.935721,80.658312,8.000000,-1.548905
50.015561,80.614949,8.000000,-1.549671
50.095198,80.569701,8.000000,-1.550460
50.174452,80.522535,8.000000,-1.551269
50.253143,80.473417,8.000000,-1.552099
50.331093,80.422313,8.000000,-1.552949
50.408121,80.369192,8.000000,-1.553817
50.484050,80.314018,8.000000,-1.554702
50.558698,80.256760,8.000000,-1.555605
50.631887,80.197383,8.000000,-1.556524
50.703438,80.135855,8.000000,-1.557457
50.773171,80.072141,8.000000,-1.558405
50.840907,80.006209,8.000000,-1.559367
50.906466,79.938025,8.000000,-1.560341
50.969670,79.867557,8.000000,-1.561326
51.030338,79.794770,8.000000,-1.562323
51.088292,79.719631,8.000000,-1.563329
51.143351,79.642108,8.000000,-1.564344
51.195338,79.562166,8.000000,-1.565368
51.244072,79.479772,8.000000,-1.566399
51.289374,79.394894,8.000000,-1.567436
51.331065,79.307497,8.000000,-1.568479
51.368965,79.217549,8.000000,-1.569527
51.402895,79.125016,8.000000,-1.570578
51.432676,79.029864,8.000000,-1.571633
51.458128,78.932061,8.000000,-1.572690
51.479072,78.831573,8.000000,-1.573747
51.495361,78.728398,8.000000,-1.574806
51.507060,78.622740,8.000000,-1.575865
51.514317,78.514884,8.000000,-1.576925
51.517283,78.405117,8.000000,-1.577985
51.516107,78.293724,8.000000,-1.579047
51.510938,78.180992,8.000000,-1.580111
51.501927,78.067207,8.000000,-1.581176
51.489223,77.952654,8.000000,-1.582244
51.472976,77.837620,8.000000,-1.583314
51.453335,77.722392,8.000000,-1.584386
51.430450,77.607254,8.000000,-1.585462
51.404471,77.492493,8.000000,-1.586541
51.375546,77.378395,8.000000,-1.587623
51.343827,77.265247,8.000000,-1.588709
51.309462,77.153334,8.000000,-1.589799
51.272601,77.042942,8.000000,-1.590894
51.233394,76.934358,8.000000,-1.591992
51.191990,76.827868,8.000000,-1.593096
51.148540,76.723756,8.000000,-1.594205
51.103191,76.622311,8.000000,-1.595320
51.056096,76.523817,8.000000,-1.596439
51.007402,76.428562,8.000000,-1.597565
50.957260,76.336830,8.000000,-1.598698
50.905819,76.248908,8.000000,-1.599836
50.853228,76.165082,8.000000,-1.600982
50.799639,76.085638,8.000000,-1.602134
50.745199,76.010862,8.000000,-1.603294
50.690059,75.941041,8.000000,-1.604461
50.634369,75.876460,8.000000,-1.605636
50.578277,75.817405,8.000000,-1.606820
50.521934,75.764163,8.000000,-1.608011
50.465490,75.717019,8.000000,-1.609212
50.409093,75.676260,8.000000,-1.610421
50.352894,75.642172,8.000000,-1.611640
50.297043,75.615040,8.000000,-1.612868
50.241688,75.595152,8.000000,-1.614106
50.186979,75.582792,8.000000,-1.615353
50.133067,75.578247,8.000000,-1.616612
50.080100,75.581804,8.000000,-1.617880
50.028229,75.593747,8.000000,-1.619160
49.977603,75.614364,8.000000,-1.620451
49.928371,75.643940,8.000000,-1.621753
49.880684,75.682761,8.000000,-1.623067
49.834691,75.731114,8.000000,-1.624392
49.790541,75.789284,8.000000,-1.625730
49.748385,75.857558,8.000000,-1.627081
49.708371,75.936222,8.000000,-1.628444
49.670650,76.025561,8.000000,-1.629820
49.635367,76.125850,8.000000,-1.631210
49.602547,76.237010,8.000000,-1.632612
49.572081,76.358562,8.000000,-1.634026
49.543851,76.490003,8.000000,-1.635448
49.517738,76.630835,8.000000,-1.636879
49.493626,76.780555,8.000000,-1.638316
49.471396,76.938662,8.000000,-1.639757
49.450931,77.104656,8.000000,-1.641201
49.432113,77.278036,8.000000,-1.642646
49.414825,77.458301,8.000000,-1.644091
49.398948,77.644949,8.000000,-1.645533
49.384365,77.837480,8.000000,-1.646972
49.370959,78.035393,8.000000,-1.648406
49.358611,78.238186,8.000000,-1.649832
49.347204,78.445360,8.000000,-1.651250
49.336620,78.656412,8.000000,-1.652657
49.326742,78.870842,8.000000,-1.654052
49.317452,79.088149,8.000000,-1.655434
49.308632,79.307832,8.000000,-1.656801
49.300164,79.529390,8.000000,-1.658150
49.291931,79.752323,8.000000,-1.659481
49.283815,79.976128,8.000000,-1.660792
49.275698,80.200305,8.000000,-1.662081
49.267463,80.424353,8.000000,-1.663346
49.258992,80.647771,8.000000,-1.664586
49.250167,80.870059,8.000000,-1.665799
49.240870,81.090715,8.000000,-1.666984
49.230984,81.309238,8.000000,-1.668139
49.220392,81.525127,8.000000,-1.669262
49.208975,81.737882,8.000000,-1.670351
49.196615,81.947001,8.000000,-1.671406
49.183196,82.151983,8.000000,-1.672424
49.168599,82.352327,8.000000,-1.673403
49.152706,82.547533,8.000000,-1.674343
49.135401,82.737100,8.000000,-1.675240
49.116564,82.920526,8.000000,-1.676095
49.096079,83.097310,8.000000,-1.676904
49.073828,83.266952,8.000000,-1.677667
49.049693,83.428950,8.000000,-1.678382
49.023557,83.582805,8.000000,-1.679047
48.995301,83.728013,8.000000,-1.679660
48.964808,83.864076,8.000000,-1.680220
48.931961,83.990491,8.000000,-1.680726
48.896641,84.106757,8.000000,-1.681175
48.858731,84.212375,8.000000,-1.681565
48.818113,84.306842,8.000000,-1.681896
48.774670,84.389658,8.000000,-1.682166
48.728283,84.460322,8.000000,-1.682372
48.678836,84.518332,8.000000,-1.682514
48.626279,84.563373,8.000000,-1.682590
48.570793,84.595730,8.000000,-1.682602
48.512605,84.615816,8.000000,-1.682550
48.451941,84.624045,8.000000,-1.682438
48.389028,84.620827,8.000000,-1.682266
48.324093,84.606575,8.000000,-1.682035
48.257364,84.581702,8.000000,-1.681749
48.189067,84.546619,8.000000,-1.681408
48.119429,84.501740,8.000000,-1.681014
48.048677,84.447476,8.000000,-1.680568
47.977037,84.384239,8.000000,-1.680073
47.904738,84.312443,8.000000,-1.679530
47.832006,84.232498,8.000000,-1.678940
47.759067,84.144818,8.000000,-1.678305
47.686149,84.049814,8.000000,-1.677627
47.613478,83.947900,8.000000,-1.676908
47.541282,83.839487,8.000000,-1.676148
47.469787,83.724987,8.000000,-1.675351
47.399221,83.604813,8.000000,-1.674516
47.329810,83.479377,8.000000,-1.673647
47.261781,83.349091,8.000000,-1.672744
47.195361,83.214368,8.000000,-1.671810
47.130778,83.075620,8.000000,-1.670845
47.068257,82.933260,8.000000,-1.669852
47.008026,82.787698,8.000000,-1.668833
46.950313,82.639349,8.000000,-1.667788
46.895343,82.488623,8.000000,-1.666719
46.843343,82.335934,8.000000,-1.665629
46.794542,82.181693,8.000000,-1.664518
46.749165,82.026313,8.000000,-1.663389
46.707439,81.870206,8.000000,-1.662243
46.669592,81.713785,8.000000,-1.661081
46.635850,81.557461,8.000000,-1.659906
46.606441,81.401647,8.000000,-1.658719
46.581590,81.246755,8.000000,-1.657521
46.561526,81.093198,8.000000,-1.656315
46.546475,80.941388,8.000000,-1.655101
46.536664,80.791737,8.000000,-1.653882
46.532320,80.644657,8.000000,-1.652659
46.533670,80.500561,8.000000,-1.651434
46.540940,80.359860,8.000000,-1.650208
46.554359,80.222968,8.000000,-1.648983
46.574152,80.090296,8.000000,-1.647761
46.600546,79.962257,8.000000,-1.646543
46.633769,79.839263,8.000000,-1.645332
46.674048,79.721727,8.000000,-1.644127
46.721608,79.610059,8.000000,-1.642933
46.776679,79.504674,8.000000,-1.641749
46.839452,79.405953,8.000000,-1.640577
46.909762,79.313947,8.000000,-1.639419
46.987213,79.228497,8.000000,-1.638274
47.071407,79.149442,8.000000,-1.637143
47.161945,79.076622,8.000000,-1.636025
47.258429,79.009874,8.000000,-1.634922
47.360460,78.949037,8.000000,-1.633832
47.467640,78.893951,8.000000,-1.632758
47.579570,78.844453,8.000000,-1.631697
47.695853,78.800383,8.000000,-1.630652
47.816089,78.761579,8.000000,-1.629622
47.939880,78.727880,8.000000,-1.628607
48.066828,78.699124,8.000000,-1.627607
48.196535,78.675151,8.000000,-1.626623
48.328601,78.655799,8.000000,-1.625655
48.462629,78.640907,8.000000,-1.624703
48.598219,78.630313,8.000000,-1.623768
48.734975,78.623856,8.000000,-1.622849
48.872496,78.621375,8.000000,-1.621946
49.010386,78.622709,8.000000,-1.621061
49.148244,78.627696,8.000000,-1.620192
49.285673,78.636175,8.000000,-1.619341
49.422275,78.647984,8.000000,-1.618508
49.557651,78.662963,8.000000,-1.617692
49.691403,78.680950,8.000000,-1.616894
49.823131,78.701784,8.000000,-1.616114
49.952438,78.725304,8.000000,-1.615353
50.078926,78.751347,8.000000,-1.614610
50.202195,78.779754,8.000000,-1.613885
50.321848,78.810362,8.000000,-1.613180
50.437486,78.843011,8.000000,-1.612494
50.548710,78.877538,8.000000,-1.611828
50.655122,78.913784,8.000000,-1.611181
50.756324,78.951585,8.000000,-1.610553
50.851917,78.990782,8.000000,-1.609946
50.941503,79.031213,8.000000,-1.609359
51.024684,79.072717,8.000000,-1.608793
51.101060,79.115132,8.000000,-1.608246
51.170234,79.158296,8.000000,-1.607721
51.231807,79.202050,8.000000,-1.607217
51.285380,79.246231,8.000000,-1.606734
51.330556,79.290678,8.000000,-1.606273
51.366936,79.335230,8.000000,-1.605833
51.394121,79.379725,8.000000,-1.605415
51.411712,79.424003,8.000000,-1.605019
51.419313,79.467901,8.000000,-1.604645
51.416523,79.511259,8.000000,-1.604294
51.402945,79.553916,8.000000,-1.603965
51.378183,79.595710,8.000000,-1.603659
51.342141,79.636527,8.000000,-1.603376
51.295238,79.676332,8.000000,-1.603115
51.237944,79.715098,8.000000,-1.602873
51.170733,79.752798,8.000000,-1.602650
51.094075,79.789404,8.000000,-1.602445
51.008442,79.824891,8.000000,-1.602257
50.914304,79.859231,8.000000,-1.602084
50.812135,79.892397,8.000000,-1.601924
50.702405,79.924362,8.000000,-1.601778
50.585585,79.955099,8.000000,-1.601642
50.462148,79.984582,8.000000,-1.601517
50.332565,80.012783,8.000000,-1.601401
50.197306,80.039675,8.000000,-1.601293
50.056845,80.065232,8.000000,-1.601191
49.911651,80.089426,8.000000,-1.601095
49.762198,80.112231,8.000000,-1.601002
49.608955,80.133619,8.000000,-1.600912
49.452395,80.153564,8.000000,-1.600824
49.292989,80.172039,8.000000,-1.600736
49.131209,80.189016,8.000000,-1.600647
48.967526,80.204470,8.000000,-1.600555
48.802412,80.218372,8.000000,-1.600460
48.636338,80.230696,8.000000,-1.600361
48.469775,80.241415,8.000000,-1.600255
48.303195,80.250502,8.000000,-1.600142
48.137070,80.257930,8.000000,-1.600021
47.971872,80.263672,8.000000,-1.599890
47.808070,80.267701,8.000000,-1.599748
47.646138,80.269990,8.000000,-1.599594
47.486546,80.270513,8.000000,-1.599427
47.329767,80.269242,8.000000,-1.599245
47.176271,80.266150,8.000000,-1.599046
47.026530,80.261211,8.000000,-1.598831
46.881015,80.254397,8.000000,-1.598597
46.740199,80.245682,8.000000,-1.598344
46.604552,80.235038,8.000000,-1.598070
46.474546,80.222439,8.000000,-1.597773
46.350652,80.207857,8.000000,-1.597453
46.233342,80.191266,8.000000,-1.597109
46.123088,80.172639,8.000000,-1.596738
46.020361,80.151949,8.000000,-1.596341
45.925633,80.129168,8.000000,-1.595915
45.839374,80.104271,8.000000,-1.595459
45.762057,80.077229,8.000000,-1.594972
45.694152,80.048016,8.000000,-1.594454
45.636132,80.016606,8.000000,-1.593902
45.588469,79.982970,8.000000,-1.593315
45.551632,79.947083,8.000000,-1.592693
45.525993,79.908942,8.000000,-1.592034
45.511380,79.868685,8.000000,-1.591338
45.507440,79.826493,8.000000,-1.590607
45.513821,79.782547,8.000000,-1.589841
45.530170,79.737030,8.000000,-1.589041
45.556135,79.690125,8.000000,-1.588208
45.591362,79.642012,8.000000,-1.587342
45.635499,79.592874,8.000000,-1.586446
45.688193,79.542893,8.000000,-1.585519
45.749093,79.492251,8.000000,-1.584563
45.817844,79.441130,8.000000,-1.583577
45.894095,79.389711,8.000000,-1.582564
45.977492,79.338178,8.000000,-1.581524
46.067684,79.286711,8.000000,-1.580458
46.164317,79.235493,8.000000,-1.579366
46.267039,79.184706,8.000000,-1.578250
46.375497,79.134532,8.000000,-1.577110
46.489338,79.085152,8.000000,-1.575947
46.608211,79.036750,8.000000,-1.574763
46.731761,78.989506,8.000000,-1.573557
46.859637,78.943603,8.000000,-1.572331
46.991486,78.899222,8.000000,-1.571086
47.126954,78.856546,8.000000,-1.569823
47.265691,78.815757,8.000000,-1.568541
47.407342,78.777037,8.000000,-1.567243
47.551556,78.740567,8.000000,-1.565929
47.697979,78.706531,8.000000,-1.564600
47.846259,78.675108,8.000000,-1.563257
47.996043,78.646483,8.000000,-1.561900
48.146979,78.620836,8.000000,-1.560531
48.298713,78.598350,8.000000,-1.559151
48.450894,78.579206,8.000000,-1.557759
48.603169,78.563587,8.000000,-1.556358
48.755184,78.551674,8.000000,-1.554947
48.906588,78.543650,8.000000,-1.553528
49.057028,78.539697,8.000000,-1.552102
49.206150,78.539996,8.000000,-1.550669
49.353603,78.544730,8.000000,-1.549231
49.499033,78.554081,8.000000,-1.547788
49.642088,78.568230,8.000000,-1.546341
49.782416,78.587359,8.000000,-1.544890
49.919663,78.611651,8.000000,-1.543438
50.053478,78.641287,8.000000,-1.541984
50.183506,78.676450,8.000000,-1.540530
50.309397,78.717322,8.000000,-1.539075
50.430796,78.764084,8.000000,-1.537623
50.547352,78.816918,8.000000,-1.536172
50.658712,78.876007,8.000000,-1.534724
50.764534,78.941522,8.000000,-1.533279
50.864719,79.013436,8.000000,-1.531839
50.959400,79.091523,8.000000,-1.530403
51.048719,79.175553,8.000000,-1.528972
51.132818,79.265295,8.000000,-1.527544
51.211839,79.360517,8.000000,-1.526121
51.285924,79.460989,8.000000,-1.524702
51.355216,79.566479,8.000000,-1.523287
51.419856,79.676756,8.000000,-1.521876
51.479986,79.791590,8.000000,-1.520470
51.535749,79.910748,8.000000,-1.519069
51.587286,80.034000,8.000000,-1.517671
51.634740,80.161114,8.000000,-1.516278
51.678253,80.291860,8.000000,-1.514889
51.717967,80.426007,8.000000,-1.513505
51.754023,80.563322,8.000000,-1.512125
51.786565,80.703575,8.000000,-1.510750
51.815734,80.846536,8.000000,-1.509379
51.841671,80.991972,8.000000,-1.508013
51.864521,81.139652,8.000000,-1.506651
51.884423,81.289346,8.000000,-1.505293
51.901521,81.440822,8.000000,-1.503941
51.915957,81.593849,8.000000,-1.502592
51.927872,81.748197,8.000000,-1.501249
51.937408,81.903633,8.000000,-1.499910
51.944709,82.059927,8.000000,-1.498575
51.949915,82.216847,8.000000,-1.497246
51.953169,82.374163,8.000000,-1.495920
51.954614,82.531642,8.000000,-1.494600
51.954390,82.689055,8.000000,-1.493284
51.952641,82.846170,8.000000,-1.491973
51.949507,83.002756,8.000000,-1.490667
51.945133,83.158582,8.000000,-1.489366
51.939658,83.313415,8.000000,-1.488069
51.933226,83.467027,8.000000,-1.486777
51.925979,83.619184,8.000000,-1.485490
51.918058,83.769657,8.000000,-1.484208
51.909606,83.918213,8.000000,-1.482930
51.900765,84.064623,8.000000,-1.481658
51.891677,84.208653,8.000000,-1.480390
51.882484,84.350075,8.000000,-1.479127
51.873328,84.488655,8.000000,-1.477870
51.864351,84.624164,8.000000,-1.476617
51.855696,84.756370,8.000000,-1.475369
51.847503,84.885042,8.000000,-1.474126
51.839917,85.009949,8.000000,-1.472888
51.833077,85.130859,8.000000,-1.471656
51.827128,85.247542,8.000000,-1.470428
51.822209,85.359766,8.000000,-1.469205
51.818396,85.467366,8.000000,-1.467988
51.815574,85.570354,8.000000,-1.466776
51.813598,85.668774,8.000000,-1.465569
51.812323,85.762668,8.000000,-1.464368
51.811602,85.852080,8.000000,-1.463173
51.811292,85.937053,8.000000,-1.461984
51.811245,86.017629,8.000000,-1.460801
51.811318,86.093851,8.000000,-1.459625
51.811364,86.165763,8.000000,-1.458456
51.811238,86.233407,8.000000,-1.457293
51.810795,86.296827,8.000000,-1.456138
51.809889,86.356065,8.000000,-1.454989
51.808375,86.411165,8.000000,-1.453849
51.806108,86.462169,8.000000,-1.452716
51.802942,86.509121,8.000000,-1.451591
51.798732,86.552063,8.000000,-1.450474
51.793332,86.591038,8.000000,-1.449365
51.786597,86.626090,8.000000,-1.448265
51.778382,86.657262,8.000000,-1.447173
51.768541,86.684595,8.000000,-1.446091
51.756929,86.708135,8.000000,-1.445017
51.743400,86.727922,8.000000,-1.443953
51.727809,86.744001,8.000000,-1.442898
51.710011,86.756414,8.000000,-1.441853
51.689860,86.765205,8.000000,-1.440818
51.667211,86.770416,8.000000,-1.439793
51.641918,86.772090,8.000000,-1.438778
51.613837,86.770271,8.000000,-1.437774
51.582821,86.765001,8.000000,-1.436780
51.548726,86.756323,8.000000,-1.435798
51.511405,86.744281,8.000000,-1.434826
51.470714,86.728917,8.000000,-1.433866
51.426507,86.710274,8.000000,-1.432917
51.378639,86.688396,8.000000,-1.431979
51.326964,86.663325,8.000000,-1.431054
51.271337,86.635104,8.000000,-1.430141
51.211612,86.603777,8.000000,-1.429240
51.147645,86.569385,8.000000,-1.428351
51.079289,86.531973,8.000000,-1.427475
51.006400,86.491584,8.000000,-1.426612
50.928832,86.448259,8.000000,-1.425762
50.846439,86.402043,8.000000,-1.424925
50.759077,86.352978,8.000000,-1.424102
50.666599,86.301107,8.000000,-1.423293
50.568861,86.246474,8.000000,-1.422497
50.465717,86.189121,8.000000,-1.421715
50.357021,86.129090,8.000000,-1.420948
50.242629,86.066427,8.000000,-1.420195
50.122429,86.001179,8.000000,-1.419456
49.996623,85.933464,8.000000,-1.418733
49.865576,85.863432,8.000000,-1.418025
49.729654,85.791234,8.000000,-1.417332
49.589224,85.717021,8.000000,-1.416655
49.444653,85.640943,8.000000,-1.415995
49.296306,85.563151,8.000000,-1.415350
49.144551,85.483796,8.000000,-1.414723
48.989754,85.403029,8.000000,-1.414112
48.832282,85.321001,8.000000,-1.413518
48.672501,85.237862,8.000000,-1.412942
48.510777,85.153763,8.000000,-1.412384
48.347477,85.068856,8.000000,-1.411844
48.182969,84.983290,8.000000,-1.411323
48.017617,84.897217,8.000000,-1.410820
47.851789,84.810788,8.000000,-1.410336
47.685852,84.724153,8.000000,-1.409871
47.520171,84.637462,8.000000,-1.409426
47.355114,84.550868,8.000000,-1.409001
47.191047,84.464521,8.000000,-1.408596
47.028336,84.378571,8.000000,-1.408212
46.867348,84.293170,8.000000,-1.407848
46.708450,84.208468,8.000000,-1.407505
46.552008,84.124615,8.000000,-1.407184
46.398389,84.041764,8.000000,-1.406884
46.247959,83.960064,8.000000,-1.406606
46.101084,83.879666,8.000000,-1.406351
45.958132,83.800722,8.000000,-1.406117
45.819468,83.723382,8.000000,-1.405907
45.685460,83.647796,8.000000,-1.405720
45.556474,83.574116,8.000000,-1.405556
45.432876,83.502493,8.000000,-1.405416
45.315033,83.433077,8.000000,-1.405299
45.203311,83.366019,8.000000,-1.405207
45.098078,83.301469,8.000000,-1.405140
44.999699,83.239580,8.000000,-1.405097
44.908541,83.180501,8.000000,-1.405079
44.824971,83.124383,8.000000,-1.405087
44.749354,83.071377,8.000000,-1.405121
44.682059,83.021635,8.000000,-1.405180
44.623451,82.975306,8.000000,-1.405266
44.573896,82.932541,8.000000,-1.405378
44.533762,82.893492,8.000000,-1.405518
44.503415,82.858309,8.000000,-1.405684
44.483221,82.827143,8.000000,-1.405878
44.473547,82.800145,8.000000,-1.406099
44.474760,82.777465,8.000000,-1.406349
44.487225,82.759255,8.000000,-1.406627
44.511304,82.745662,8.000000,-1.406934
44.547049,82.736679,8.000000,-1.407268
44.594059,82.732075,8.000000,-1.407630
44.651898,82.731598,8.000000,-1.408017
44.720130,82.734998,8.000000,-1.408428
44.798320,82.742025,8.000000,-1.408861
44.886031,82.752428,8.000000,-1.409316
44.982827,82.765956,8.000000,-1.409790
45.088272,82.782359,8.000000,-1.410282
45.201931,82.801387,8.000000,-1.410791
45.323367,82.822788,8.000000,-1.411316
45.452145,82.846314,8.000000,-1.411854
45.587827,82.871712,8.000000,-1.412404
45.729979,82.898732,8.000000,-1.412966
45.878165,82.927124,8.000000,-1.413537
46.031947,82.956638,8.000000,-1.414116
46.190891,82.987022,8.000000,-1.414702
46.354560,83.018027,8.000000,-1.415293
46.522518,83.049402,8.000000,-1.415887
46.694330,83.080896,8.000000,-1.416484
46.869559,83.112258,8.000000,-1.417082
47.047769,83.143239,8.000000,-1.417679
47.228525,83.173588,8.000000,-1.418275
47.411389,83.203054,8.000000,-1.418866
47.595927,83.231387,8.000000,-1.419453
47.781703,83.258336,8.000000,-1.420034
47.968279,83.283650,8.000000,-1.420606
48.155221,83.307080,8.000000,-1.421169
48.342092,83.328374,8.000000,-1.421722
48.528456,83.347283,8.000000,-1.422262
48.713878,83.363555,8.000000,-1.422789
48.897921,83.376940,8.000000,-1.423301
49.080149,83.387188,8.000000,-1.423797
49.260126,83.394048,8.000000,-1.424274
49.437417,83.397269,8.000000,-1.424732
49.611585,83.396601,8.000000,-1.425169
49.782194,83.391794,8.000000,-1.425584
49.948808,83.382597,8.000000,-1.425976
50.110992,83.368760,8.000000,-1.426342
50.268309,83.350031,8.000000,-1.426681
50.420323,83.326161,8.000000,-1.426993
50.566598,83.296899,8.000000,-1.427275
50.706699,83.261994,8.000000,-1.427526
50.840188,83.221196,8.000000,-1.427745
50.966631,83.174254,8.000000,-1.427929
51.085592,83.120919,8.000000,-1.428079
51.196633,83.060938,8.000000,-1.428192
51.299320,82.994063,8.000000,-1.428267
51.393216,82.920042,8.000000,-1.428302
51.478001,82.838710,8.000000,-1.428297
51.553867,82.750280,8.000000,-1.428252
51.621146,82.655069,8.000000,-1.428168
51.680169,82.553393,8.000000,-1.428047
51.731269,82.445568,8.000000,-1.427890
51.774779,82.331911,8.000000,-1.427699
51.811029,82.212739,8.000000,-1.427474
51.840353,82.088367,8.000000,-1.427218
51.863082,81.959113,8.000000,-1.426931
51.879548,81.825293,8.000000,-1.426614
51.890084,81.687224,8.000000,-1.426270
51.895022,81.545221,8.000000,-1.425899
51.894694,81.399602,8.000000,-1.425503
51.889432,81.250683,8.000000,-1.425082
51.879567,81.098780,8.000000,-1.424639
51.865433,80.944210,8.000000,-1.424174
51.847362,80.787290,8.000000,-1.423690
51.825684,80.628335,8.000000,-1.423186
51.800733,80.467663,8.000000,-1.422665
51.772841,80.305589,8.000000,-1.422128
51.742340,80.142431,8.000000,-1.421576
51.709561,79.978505,8.000000,-1.421010
51.674838,79.814127,8.000000,-1.420432
51.638501,79.649614,8.000000,-1.419844
51.600884,79.485283,8.000000,-1.419245
51.562318,79.321449,8.000000,-1.418638
51.523136,79.158430,8.000000,-1.418025
51.483669,78.996541,8.000000,-1.417406
51.444250,78.836100,8.000000,-1.416782
51.405211,78.677422,8.000000,-1.416155
51.366883,78.520825,8.000000,-1.415527
51.329600,78.366625,8.000000,-1.414898
51.293692,78.215138,8.000000,-1.414270
51.259493,78.066681,8.000000,-1.413644
51.227335,77.921570,8.000000,-1.413022
51.197549,77.780121,8.000000,-1.412405
51.170467,77.642652,8.000000,-1.411793
51.146422,77.509479,8.000000,-1.411190
51.125746,77.380918,8.000000,-1.410595
51.108771,77.257286,8.000000,-1.410010
51.095829,77.138899,8.000000,-1.409436
51.087253,77.026074,8.000000,-1.408876
51.083373,76.919127,8.000000,-1.408329
51.084523,76.818375,8.000000,-1.407797
51.091034,76.724134,8.000000,-1.407283
51.103240,76.636720,8.000000,-1.406786
51.121470,76.556451,8.000000,-1.406308
51.146059,76.483643,8.000000,-1.405852
51.177318,76.418597,8.000000,-1.405417
51.215241,76.361386,8.000000,-1.405004
51.259561,76.311895,8.000000,-1.404614
51.310006,76.270002,8.000000,-1.404246
51.366303,76.235588,8.000000,-1.403901
51.428179,76.208532,8.000000,-1.403578
51.495361,76.188714,8.000000,-1.403278
51.567576,76.176012,8.000000,-1.403001
51.644551,76.170307,8.000000,-1.402745
51.726013,76.171478,8.000000,-1.402513
51.811689,76.179404,8.000000,-1.402303
51.901307,76.193966,8.000000,-1.402115
51.994593,76.215042,8.000000,-1.401950
52.091274,76.242512,8.000000,-1.401807
52.191077,76.276255,8.000000,-1.401687
52.293730,76.316152,8.000000,-1.401589
52.398960,76.362081,8.000000,-1.401514
52.506493,76.413922,8.000000,-1.401462
52.616056,76.471555,8.000000,-1.401432
52.727377,76.534859,8.000000,-1.401424
52.840183,76.603713,8.000000,-1.401440
52.954201,76.677998,8.000000,-1.401477
53.069157,76.757592,8.000000,-1.401538
53.184779,76.842375,8.000000,-1.401621
53.300793,76.932227,8.000000,-1.401726
53.416928,77.027027,8.000000,-1.401854
53.532909,77.126655,8.000000,-1.402005
53.648465,77.230989,8.000000,-1.402178
53.763321,77.339911,8.000000,-1.402374
53.877206,77.453298,8.000000,-1.402592
53.989846,77.571032,8.000000,-1.402833
54.100967,77.692990,8.000000,-1.403097
54.210298,77.819053,8.000000,-1.403383
54.317565,77.949100,8.000000,-1.403692
54.422496,78.083011,8.000000,-1.404023
54.524817,78.220666,8.000000,-1.404377
54.624255,78.361943,8.000000,-1.404754
54.720537,78.506722,8.000000,-1.405153
54.813391,78.654882,8.000000,-1.405575
54.902544,78.806305,8.000000,-1.406020
54.987722,78.960867,8.000000,-1.406487
55.068653,79.118450,8.000000,-1.406977
55.145063,79.278933,8.000000,-1.407490
55.216680,79.442195,8.000000,-1.408025
55.283231,79.608116,8.000000,-1.408583
55.344442,79.776575,8.000000,-1.409164
55.400041,79.947452,8.000000,-1.409767
55.449756,80.120626,8.000000,-1.410393
55.493312,80.295977,8.000000,-1.411042
55.530539,80.473342,8.000000,-1.411713
55.561493,80.652461,8.000000,-1.412405
55.586262,80.833064,8.000000,-1.413116
55.604935,81.014879,8.000000,-1.413844
55.617599,81.197633,8.000000,-1.414588
55.624344,81.381054,8.000000,-1.415346
55.625256,81.564872,8.000000,-1.416116
55.620424,81.748813,8.000000,-1.416898
55.609937,81.932606,8.000000,-1.417688
55.593883,82.115980,8.000000,-1.418486
55.572350,82.298662,8.000000,-1.419290
55.545425,82.480380,8.000000,-1.420098
55.513198,82.660863,8.000000,-1.420908
55.475757,82.839839,8.000000,-1.421719
55.433189,83.017036,8.000000,-1.422530
55.385583,83.192181,8.000000,-1.423338
55.333027,83.365004,8.000000,-1.424142
55.275609,83.535232,8.000000,-1.424940
55.213418,83.702593,8.000000,-1.425731
55.146541,83.866816,8.000000,-1.426513
55.075067,84.027629,8.000000,-1.427284
54.999085,84.184759,8.000000,-1.428042
54.918681,84.337935,8.000000,-1.428787
54.833946,84.486886,8.000000,-1.429516
54.744965,84.631338,8.000000,-1.430228
54.651829,84.771021,8.000000,-1.430920
54.554625,84.905662,8.000000,-1.431592
54.453441,85.034990,8.000000,-1.432242
54.348365,85.158733,8.000000,-1.432867
54.239487,85.276618,8.000000,-1.433468
54.126893,85.388374,8.000000,-1.434040
54.010672,85.493730,8.000000,-1.434584
53.890912,85.592413,8.000000,-1.435097
53.767702,85.684151,8.000000,-1.435579
53.641130,85.768673,8.000000,-1.436026
53.511284,85.845706,8.000000,-1.436437
53.378251,85.914979,8.000000,-1.436812
53.242121,85.976220,8.000000,-1.437147
53.102982,86.029157,8.000000,-1.437442
52.960921,86.073518,8.000000,-1.437695
52.816027,86.109032,8.000000,-1.437904
52.668388,86.135426,8.000000,-1.438068
52.518092,86.152428,8.000000,-1.438184
52.365228,86.159767,8.000000,-1.438252
52.209884,86.157172,8.000000,-1.438269
52.052147,86.144369,8.000000,-1.438235
51.892107,86.121087,8.000000,-1.438146
51.729851,86.087054,8.000000,-1.438002
51.565482,86.042064,8.000000,-1.437801
51.399208,85.986385,8.000000,-1.437544
51.231283,85.920493,8.000000,-1.437233
51.061961,85.844864,8.000000,-1.436869
50.891498,85.759977,8.000000,-1.436454
50.720147,85.666309,8.000000,-1.435990
50.548164,85.564336,8.000000,-1.435478
50.375801,85.454537,8.000000,-1.434919
50.203314,85.337387,8.000000,-1.434317
50.030958,85.213366,8.000000,-1.433671
49.858986,85.082948,8.000000,-1.432984
49.687653,84.946613,8.000000,-1.432258
49.517214,84.804837,8.000000,-1.431494
49.347923,84.658098,8.000000,-1.430694
49.180034,84.506872,8.000000,-1.429859
49.013801,84.351637,8.000000,-1.428991
48.849481,84.192870,8.000000,-1.428092
48.687325,84.031049,8.000000,-1.427164
48.527590,83.866650,8.000000,-1.426207
48.370529,83.700151,8.000000,-1.425224
48.216398,83.532029,8.000000,-1.424217
48.065449,83.362761,8.000000,-1.423187
47.917939,83.192825,8.000000,-1.422135
47.774121,83.022698,8.000000,-1.421064
47.634249,82.852857,8.000000,-1.419975
47.498579,82.683779,8.000000,-1.418869
47.367364,82.515941,8.000000,-1.417749
47.240859,82.349822,8.000000,-1.416616
47.119318,82.185897,8.000000,-1.415471
47.002997,82.024644,8.000000,-1.414317
46.892148,81.866541,8.000000,-1.413154
46.787028,81.712065,8.000000,-1.411985
46.687889,81.561692,8.000000,-1.410812
46.594987,81.415901,8.000000,-1.409635
46.508576,81.275167,8.000000,-1.408457
46.428910,81.139970,8.000000,-1.407279
46.356245,81.010785,8.000000,-1.406103
46.290833,80.888091,8.000000,-1.404930
46.232930,80.772363,8.000000,-1.403763
46.182791,80.664081,8.000000,-1.402602
46.140669,80.563720,8.000000,-1.401450
46.106819,80.471758,8.000000,-1.400308
46.081495,80.388672,8.000000,-1.399178
46.064953,80.314940,8.000000,-1.398061
46.057445,80.251039,8.000000,-1.396959
46.059228,80.197445,8.000000,-1.395874
46.070554,80.154637,8.000000,-1.394808
46.091680,80.123091,8.000000,-1.393761
46.122849,80.103273,8.000000,-1.392737
46.164008,80.095243,8.000000,-1.391734
46.214730,80.098561,8.000000,-1.390755
46.274566,80.112756,8.000000,-1.389797
46.343066,80.137356,8.000000,-1.388862
46.419780,80.171890,8.000000,-1.387949
46.504261,80.215887,8.000000,-1.387059
46.596058,80.268875,8.000000,-1.386190
46.694721,80.330384,8.000000,-1.385343
46.799802,80.399941,8.000000,-1.384517
46.910852,80.477076,8.000000,-1.383713
47.027420,80.561317,8.000000,-1.382931
47.149057,80.652194,8.000000,-1.382170
47.275315,80.749234,8.000000,-1.381431
47.405744,80.851967,8.000000,-1.380712
47.539894,80.959921,8.000000,-1.380014
47.677316,81.072625,8.000000,-1.379338
47.817561,81.189607,8.000000,-1.378682
47.960180,81.310397,8.000000,-1.378047
48.104723,81.434524,8.000000,-1.377432
48.250740,81.561515,8.000000,-1.376838
48.397783,81.690899,8.000000,-1.376264
48.545401,81.822206,8.000000,-1.375710
48.693147,81.954964,8.000000,-1.375176
48.840569,82.088702,8.000000,-1.374663
48.987220,82.222948,8.000000,-1.374169
49.132650,82.357231,8.000000,-1.373695
49.276408,82.491081,8.000000,-1.373241
49.418047,82.624024,8.000000,-1.372806
49.557116,82.755592,8.000000,-1.372390
49.693167,82.885311,8.000000,-1.371994
49.825749,83.012711,8.000000,-1.371617
49.954414,83.137321,8.000000,-1.371259
50.078713,83.258669,8.000000,-1.370920
50.198195,83.376283,8.000000,-1.370600
50.312411,83.489694,8.000000,-1.370299
50.420913,83.598429,8.000000,-1.370016
50.523251,83.702017,8.000000,-1.369751
50.618975,83.799987,8.000000,-1.369505
50.707636,83.891867,8.000000,-1.369277
50.788785,83.977187,8.000000,-1.369068
50.861973,84.055475,8.000000,-1.368876
50.926749,84.126260,8.000000,-1.368703
50.982666,84.189070,8.000000,-1.368547
51.029272,84.243434,8.000000,-1.368408
51.066120,84.288881,8.000000,-1.368288
51.092759,84.324940,8.000000,-1.368185
51.108741,84.351139,8.000000,-1.368099
51.113616,84.367007,8.000000,-1.368030
51.107095,84.372230,8.000000,-1.367978
51.089470,84.367064,8.000000,-1.367943
51.061167,84.351896,8.000000,-1.367925
51.022610,84.327109,8.000000,-1.367922
50.974223,84.293092,8.000000,-1.367935
50.916433,84.250228,8.000000,-1.367963
50.849662,84.198905,8.000000,-1.368006
50.774337,84.139506,8.000000,-1.368062
50.690882,84.072420,8.000000,-1.368133
50.599721,83.998030,8.000000,-1.368218
50.501279,83.916724,8.000000,-1.368315
50.395982,83.828885,8.000000,-1.368426
50.284253,83.734902,8.000000,-1.368548
50.166519,83.635158,8.000000,-1.368683
50.043202,83.530040,8.000000,-1.368829
49.914729,83.419934,8.000000,-1.368987
49.781523,83.305225,8.000000,-1.369155
49.644010,83.186299,8.000000,-1.369333
49.502615,83.063542,8.000000,-1.369522
49.357761,82.937339,8.000000,-1.369720
49.209875,82.808077,8.000000,-1.369927
49.059379,82.676140,8.000000,-1.370143
48.906701,82.541916,8.000000,-1.370368
48.752263,82.405789,8.000000,-1.370600
48.596492,82.268145,8.000000,-1.370841
48.439811,82.129370,8.000000,-1.371088
48.282645,81.989850,8.000000,-1.371342
48.125419,81.849970,8.000000,-1.371603
47.968558,81.710117,8.000000,-1.371869
47.812487,81.570675,8.000000,-1.372142
47.657630,81.432031,8.000000,-1.372419
47.504413,81.294571,8.000000,-1.372702
47.353259,81.158679,8.000000,-1.372988
47.204594,81.024743,8.000000,-1.373279
47.058842,80.893147,8.000000,-1.373574
46.916428,80.764278,8.000000,-1.373872
46.777777,80.638521,8.000000,-1.374172
46.643314,80.516261,8.000000,-1.374475
46.513463,80.397885,8.000000,-1.374781
46.388649,80.283779,8.000000,-1.375088
46.269297,80.174328,8.000000,-1.375396
46.155832,80.069917,8.000000,-1.375705
46.048678,79.970933,8.000000,-1.376015
45.948260,79.877762,8.000000,-1.376324
45.855003,79.790788,8.000000,-1.376634
45.769332,79.710399,8.000000,-1.376943
45.691670,79.636978,8.000000,-1.377250
45.622445,79.570913,8.000000,-1.377556
45.562050,79.512564,8.000000,-1.377861
45.510532,79.461963,8.000000,-1.378163
45.467693,79.418923,8.000000,-1.378463
45.433332,79.383252,8.000000,-1.378759
45.407248,79.354755,8.000000,-1.379053
45.389239,79.333241,8.000000,-1.379343
45.379103,79.318517,8.000000,-1.379629
45.376640,79.310390,8.000000,-1.379911
45.381648,79.308668,8.000000,-1.380188
45.393925,79.313157,8.000000,-1.380461
45.413271,79.323664,8.000000,-1.380728
45.439483,79.339998,8.000000,-1.380990
45.472361,79.361965,8.000000,-1.381246
45.511703,79.389373,8.000000,-1.381496
45.557308,79.422028,8.000000,-1.381740
45.608974,79.459738,8.000000,-1.381976
45.666500,79.502311,8.000000,-1.382206
45.729684,79.549554,8.000000,-1.382428
45.798326,79.601273,8.000000,-1.382642
45.872224,79.657276,8.000000,-1.382848
45.951175,79.717370,8.000000,-1.383046
46.034980,79.781363,8.000000,-1.383235
46.123437,79.849062,8.000000,-1.383415
46.216344,79.920274,8.000000,-1.383585
46.313500,79.994807,8.000000,-1.383745
46.414703,80.072466,8.000000,-1.383896
46.519753,80.153061,8.000000,-1.384036
46.628447,80.236398,8.000000,-1.384165
46.740584,80.322284,8.000000,-1.384283
46.855964,80.410527,8.000000,-1.384390
46.974384,80.500933,8.000000,-1.384485
47.095644,80.593311,8.000000,-1.384568
47.219541,80.687466,8.000000,-1.384639
47.345875,80.783208,8.000000,-1.384697
47.474443,80.880342,8.000000,-1.384742
47.605046,80.978676,8.000000,-1.384773
47.737481,81.078018,8.000000,-1.384791
47.871547,81.178174,8.000000,-1.384795
48.007042,81.278952,8.000000,-1.384784
48.143766,81.380159,8.000000,-1.384759
48.281516,81.481603,8.000000,-1.384718
48.420092,81.583090,8.000000,-1.384663
48.559292,81.684428,8.000000,-1.384591
48.698914,81.785424,8.000000,-1.384504
48.838758,81.885885,8.000000,-1.384400
48.978621,81.985619,8.000000,-1.384280
49.118304,82.084433,8.000000,-1.384142
49.257603,82.182134,8.000000,-1.383988
49.396319,82.278529,8.000000,-1.383815
49.534295,82.373457,8.000000,-1.383626
49.671464,82.466813,8.000000,-1.383419
49.807766,82.558499,8.000000,-1.383196
49.943143,82.648417,8.000000,-1.382957
50.077536,82.736469,8.000000,-1.382704
50.210885,82.822557,8.000000,-1.382437
50.343133,82.906583,8.000000,-1.382157
50.474221,82.988449,8.000000,-1.381864
50.604089,83.068056,8.000000,-1.381560
50.732678,83.145308,8.000000,-1.381245
50.859931,83.220106,8.000000,-1.380919
50.985787,83.292351,8.000000,-1.380584
51.110189,83.361946,8.000000,-1.380241
51.233077,83.428793,8.000000,-1.379890
51.354393,83.492794,8.000000,-1.379531
51.474078,83.553851,8.000000,-1.379166
51.592072,83.611866,8.000000,-1.378796
51.708318,83.666740,8.000000,-1.378421
51.822756,83.718376,8.000000,-1.378041
51.935327,83.766676,8.000000,-1.377658
52.045973,83.811542,8.000000,-1.377273
52.154634,83.852875,8.000000,-1.376886
52.261253,83.890579,8.000000,-1.376497
52.365770,83.924553,8.000000,-1.376108
52.468126,83.954702,8.000000,-1.375720
52.568262,83.980926,8.000000,-1.375333
52.666120,84.003128,8.000000,-1.374947
52.761641,84.021210,8.000000,-1.374565
52.854766,84.035073,8.000000,-1.374186
52.945436,84.044620,8.000000,-1.373810
53.033593,84.049752,8.000000,-1.373440
53.119177,84.050372,8.000000,-1.373076
53.202129,84.046382,8.000000,-1.372718
53.282392,84.037683,8.000000,-1.372367
53.359905,84.024178,8.000000,-1.372024
53.434611,84.005768,8.000000,-1.371690
53.506450,83.982356,8.000000,-1.371365
53.575364,83.953843,8.000000,-1.371051
53.641293,83.920132,8.000000,-1.370747
53.704179,83.881124,8.000000,-1.370455
53.763963,83.836722,8.000000,-1.370176
53.820587,83.786827,8.000000,-1.369909
53.873990,83.731342,8.000000,-1.369657
53.924116,83.670168,8.000000,-1.369420
53.970904,83.603207,8.000000,-1.369198
54.014296,83.530362,8.000000,-1.368992
54.054233,83.451534,8.000000,-1.368803
54.090657,83.366626,8.000000,-1.368632
54.123516,83.275582,8.000000,-1.368479
54.152808,83.178608,8.000000,-1.368344
54.178551,83.076001,8.000000,-1.368227
54.200759,82.968060,8.000000,-1.368126
54.219448,82.855084,8.000000,-1.368042
54.234635,82.737371,8.000000,-1.367973
54.246335,82.615220,8.000000,-1.367919
54.254565,82.488930,8.000000,-1.367879
54.259339,82.358800,8.000000,-1.367853
54.260675,82.225127,8.000000,-1.367840
54.258588,82.088211,8.000000,-1.367839
54.253094,81.948350,8.000000,-1.367850
54.244208,81.805843,8.000000,-1.367872
54.231947,81.660988,8.000000,-1.367905
54.216327,81.514085,8.000000,-1.367947
54.197364,81.365432,8.000000,-1.367998
54.175073,81.215327,8.000000,-1.368059
54.149471,81.064069,8.000000,-1.368126
54.120573,80.911957,8.000000,-1.368202
54.088395,80.759289,8.000000,-1.368284
54.052954,80.606365,8.000000,-1.368372
54.014265,80.453482,8.000000,-1.368465
53.972344,80.300939,8.000000,-1.368563
53.927207,80.149036,8.000000,-1.368665
53.878869,79.998070,8.000000,-1.368771
53.827348,79.848340,8.000000,-1.368880
53.772659,79.700145,8.000000,-1.368990
53.714817,79.553784,8.000000,-1.369103
53.653839,79.409555,8.000000,-1.369216
53.589740,79.267757,8.000000,-1.369330
53.522537,79.128688,8.000000,-1.369444
53.452245,78.992648,8.000000,-1.369556
53.378881,78.859934,8.000000,-1.369667
53.302460,78.730846,8.000000,-1.369776
53.222998,78.605682,8.000000,-1.369882
53.140511,78.484740,8.000000,-1.369985
53.055015,78.368320,8.000000,-1.370083
52.966526,78.256720,8.000000,-1.370177
52.875060,78.150238,8.000000,-1.370265
52.780632,78.049174,8.000000,-1.370348
52.683260,77.953826,8.000000,-1.370423
52.582958,77.864492,8.000000,-1.370492
52.479742,77.781472,8.000000,-1.370553
52.373629,77.705063,8.000000,-1.370605
52.264635,77.635565,8.000000,-1.370648
52.152775,77.573277,8.000000,-1.370681
52.038065,77.518495,8.000000,-1.370704
51.920521,77.471521,8.000000,-1.370716
51.800162,77.432641,8.000000,-1.370716
51.677071,77.401886,8.000000,-1.370705
51.551400,77.379018,8.000000,-1.370682
51.423305,77.363784,8.000000,-1.370649
51.292938,77.355934,8.000000,-1.370605
51.160457,77.355217,8.000000,-1.370552
51.026014,77.361381,8.000000,-1.370490
50.889766,77.374174,8.000000,-1.370420
50.751867,77.393346,8.000000,-1.370342
50.612471,77.418646,8.000000,-1.370256
50.471734,77.449821,8.000000,-1.370164
50.329811,77.486621,8.000000,-1.370065
50.186855,77.528794,8.000000,-1.369961
50.043023,77.576089,8.000000,-1.369851
49.898468,77.628255,8.000000,-1.369737
49.753346,77.685040,8.000000,-1.369619
49.607811,77.746193,8.000000,-1.369498
49.462019,77.811464,8.000000,-1.369373
49.316124,77.880599,8.000000,-1.369247
49.170280,77.953349,8.000000,-1.369118
49.024644,78.029462,8.000000,-1.368988
48.879368,78.108686,8.000000,-1.368857
48.734610,78.190771,8.000000,-1.368726
48.590522,78.275464,8.000000,-1.368596
48.447260,78.362516,8.000000,-1.368466
48.304979,78.451673,8.000000,-1.368338
48.163834,78.542686,8.000000,-1.368211
48.023979,78.635302,8.000000,-1.368088
47.885570,78.729271,8.000000,-1.367967
47.748760,78.824342,8.000000,-1.367850
47.613705,78.920262,8.000000,-1.367737
47.480560,79.016780,8.000000,-1.367629
47.349479,79.113646,8.000000,-1.367527
47.220618,79.210608,8.000000,-1.367430
47.094131,79.307414,8.000000,-1.367339
46.970173,79.403814,8.000000,-1.367256
46.848898,79.499556,8.000000,-1.367180
46.730462,79.594389,8.000000,-1.367112
46.615019,79.688061,8.000000,-1.367052
46.502725,79.780321,8.000000,-1.367002
46.393734,79.870918,8.000000,-1.366962
46.288200,79.959601,8.000000,-1.366931
46.186279,80.046117,8.000000,-1.366912
46.088125,80.130217,8.000000,-1.366904
45.993894,80.211649,8.000000,-1.366907
45.903740,80.290160,8.000000,-1.366923
45.817818,80.365501,8.000000,-1.366953
45.736282,80.437420,8.000000,-1.366995
45.659288,80.505665,8.000000,-1.367052
45.586929,80.570061,8.000000,-1.367123
45.519115,80.630661,8.000000,-1.367208
45.455722,80.687559,8.000000,-1.367306
45.396626,80.740850,8.000000,-1.367417
45.341702,80.790630,8.000000,-1.367539
45.290826,80.836993,8.000000,-1.367673
45.243874,80.880034,8.000000,-1.367818
45.200722,80.919848,8.000000,-1.367972
45.161245,80.956530,8.000000,-1.368136
45.125320,80.990175,8.000000,-1.368308
45.092821,81.020878,8.000000,-1.368488
45.063626,81.048733,8.000000,-1.368675
45.037609,81.073836,8.000000,-1.368869
45.014646,81.096282,8.000000,-1.369070
44.994613,81.116164,8.000000,-1.369275
44.977386,81.133580,8.000000,-1.369485
44.962841,81.148622,8.000000,-1.369699
44.950853,81.161386,8.000000,-1.369917
44.941298,81.171968,8.000000,-1.370137
44.934052,81.180462,8.000000,-1.370359
44.928991,81.186962,8.000000,-1.370583
44.925990,81.191564,8.000000,-1.370807
44.924926,81.194363,8.000000,-1.371032
44.925673,81.195454,8.000000,-1.371255
44.928109,81.194931,8.000000,-1.371478
44.932107,81.192890,8.000000,-1.371699
44.937545,81.189425,8.000000,-1.371917
44.944299,81.184631,8.000000,-1.372132
44.952242,81.178604,8.000000,-1.372343
44.961253,81.171437,8.000000,-1.372550
44.971206,81.163227,8.000000,-1.372752
44.981977,81.154067,8.000000,-1.372947
44.993442,81.144054,8.000000,-1.373136
45.005476,81.133281,8.000000,-1.373319
45.017956,81.121844,8.000000,-1.373493
45.030757,81.109837,8.000000,-1.373659
45.043756,81.097356,8.000000,-1.373815
45.056826,81.084495,8.000000,-1.373962
45.069846,81.071350,8.000000,-1.374099
45.082689,81.058015,8.000000,-1.374224
45.095233,81.044585,8.000000,-1.374338
45.107352,81.031155,8.000000,-1.374440
45.118923,81.017820,8.000000,-1.374528
45.129822,81.004675,8.000000,-1.374603
45.139923,80.991814,8.000000,-1.374663
45.149103,80.979334,8.000000,-1.374708
45.157238,80.967328,8.000000,-1.374738
45.164204,80.955891,8.000000,-1.374751
45.169884,80.945113,8.000000,-1.374748
45.174258,80.935012,8.000000,-1.374728
45.177356,80.925571,8.000000,-1.374692
45.179209,80.916770,8.000000,-1.374642
45.179849,80.908590,8.000000,-1.374578
45.179308,80.901012,8.000000,-1.374501
45.177616,80.894017,8.000000,-1.374412
45.174805,80.887587,8.000000,-1.374312
45.170907,80.881701,8.000000,-1.374202
45.165954,80.876341,8.000000,-1.374082
45.159976,80.871487,8.000000,-1.373955
45.153005,80.867121,8.000000,-1.373820
45.145074,80.863224,8.000000,-1.373679
45.136212,80.859776,8.000000,-1.373532
45.126452,80.856759,8.000000,-1.373380
45.115824,80.854152,8.000000,-1.373225
45.104362,80.851938,8.000000,-1.373067
45.092096,80.850097,8.000000,-1.372907
45.079057,80.848610,8.000000,-1.372746
45.065277,80.847458,8.000000,-1.372585
45.050787,80.846622,8.000000,-1.372425
45.035620,80.846082,8.000000,-1.372267
45.019806,80.845820,8.000000,-1.372111
45.003376,80.845817,8.000000,-1.371959
44.986364,80.846053,8.000000,-1.371812
44.968799,80.846509,8.000000,-1.371670
44.950713,80.847167,8.000000,-1.371534
44.932138,80.848007,8.000000,-1.371406
44.913106,80.849010,8.000000,-1.371286
44.893647,80.850158,8.000000,-1.371174
44.873793,80.851430,8.000000,-1.371073
44.853576,80.852808,8.000000,-1.370983
44.833028,80.854273,8.000000,-1.370905
44.812179,80.855805,8.000000,-1.370839
44.791061,80.857386,8.000000,-1.370787
44.769705,80.858997,8.000000,-1.370750
44.748144,80.860618,8.000000,-1.370728
44.726409,80.862231,8.000000,-1.370723
44.704530,80.863815,8.000000,-1.370734
44.682540,80.865353,8.000000,-1.370765
44.660470,80.866825,8.000000,-1.370814
44.638351,80.868212,8.000000,-1.370883
44.616215,80.869495,8.000000,-1.370974
44.594094,80.870655,8.000000,-1.371086
44.572019,80.871672,8.000000,-1.371221
44.550021,80.872529,8.000000,-1.371380
44.528131,80.873204,8.000000,-1.371563
44.506382,80.873681,8.000000,-1.371772
44.484806,80.873939,8.000000,-1.372007
44.463465,80.873989,8.000000,-1.372270
44.442476,80.873890,8.000000,-1.372558
44.421956,80.873703,8.000000,-1.372873
44.402027,80.873489,8.000000,-1.373212
44.382806,80.873311,8.000000,-1.373577
44.364413,80.873230,8.000000,-1.373966
44.346968,80.873309,8.000000,-1.374378
44.330589,80.873607,8.000000,-1.374813
44.315397,80.874189,8.000000,-1.375271
44.301510,80.875114,8.000000,-1.375752
44.289047,80.876446,8.000000,-1.376253
44.278129,80.878245,8.000000,-1.376776
44.268874,80.880574,8.000000,-1.377318
44.261402,80.883494,8.000000,-1.377881
44.255831,80.887067,8.000000,-1.378463
44.252282,80.891355,8.000000,-1.379064
44.250874,80.896419,8.000000,-1.379683
44.251725,80.902322,8.000000,-1.380319
44.254956,80.909125,8.000000,-1.380973
44.260685,80.916890,8.000000,-1.381643
44.269032,80.925678,8.000000,-1.382330
44.280116,80.935552,8.000000,-1.383032
44.294057,80.946573,8.000000,-1.383748
44.310973,80.958803,8.000000,-1.384480
44.330985,80.972303,8.000000,-1.385225
44.354211,80.987136,8.000000,-1.385983
44.380770,81.003363,8.000000,-1.386754
44.410783,81.021046,8.000000,-1.387538
44.444368,81.040247,8.000000,-1.388333
44.481644,81.061027,8.000000,-1.389139
44.522732,81.083448,8.000000,-1.389956
44.567750,81.107572,8.000000,-1.390783
44.616817,81.133461,8.000000,-1.391619
44.670053,81.161177,8.000000,-1.392464
44.727578,81.190781,8.000000,-1.393318
44.789510,81.222335,8.000000,-1.394180
44.855969,81.255900,8.000000,-1.395049
44.927074,81.291539,8.000000,-1.395925
45.002944,81.329314,8.000000,-1.396807
45.083699,81.369285,8.000000,-1.397694
45.169459,81.411516,8.000000,-1.398587
45.260341,81.456067,8.000000,-1.399485
45.356467,81.503000,8.000000,-1.400386
45.457954,81.552377,8.000000,-1.401291
45.564923,81.604261,8.000000,-1.402199
45.677492,81.658712,8.000000,-1.403110
45.795781,81.715792,8.000000,-1.404022
45.919910,81.775563,8.000000,-1.404936
46.049951,81.838055,8.000000,-1.405851
46.185756,81.903140,8.000000,-1.406766
46.327109,81.970641,8.000000,-1.407681
46.473792,82.040384,8.000000,-1.408596
46.625591,82.112192,8.000000,-1.409510
46.782287,82.185891,8.000000,-1.410424
46.943665,82.261303,8.000000,-1.411336
47.109508,82.338254,8.000000,-1.412247
47.279601,82.416569,8.000000,-1.413156
47.453726,82.496070,8.000000,-1.414063
47.631667,82.576583,8.000000,-1.414968
47.813208,82.657933,8.000000,-1.415869
47.998132,82.739942,8.000000,-1.416767
48.186223,82.822437,8.000000,-1.417662
48.377265,82.905240,8.000000,-1.418553
48.571041,82.988177,8.000000,-1.419440
48.767335,83.071071,8.000000,-1.420323
48.965929,83.153748,8.000000,-1.421200
49.166609,83.236031,8.000000,-1.422073
49.369157,83.317745,8.000000,-1.422939
49.573358,83.398714,8.000000,-1.423801
49.778994,83.478763,8.000000,-1.424656
49.985849,83.557715,8.000000,-1.425504
50.193707,83.635396,8.000000,-1.426346
50.402352,83.711629,8.000000,-1.427180
50.611566,83.786239,8.000000,-1.428007
50.821135,83.859050,8.000000,-1.428827
51.030840,83.929887,8.000000,-1.429638
51.240466,83.998574,8.000000,-1.430441
51.449797,84.064935,8.000000,-1.431235
51.658616,84.128794,8.000000,-1.432019
51.866706,84.189977,8.000000,-1.432795
52.073851,84.248307,8.000000,-1.433560
52.279836,84.303608,8.000000,-1.434316
52.484442,84.355705,8.000000,-1.435061
52.687455,84.404423,8.000000,-1.435795
52.888657,84.449586,8.000000,-1.436519
53.087833,84.491017,8.000000,-1.437230
53.284765,84.528542,8.000000,-1.437930
53.479237,84.561984,8.000000,-1.438618
53.671033,84.591169,8.000000,-1.439294
53.859937,84.615920,8.000000,-1.439957
54.045732,84.636062,8.000000,-1.440607
54.228202,84.651418,8.000000,-1.441243
54.407130,84.661815,8.000000,-1.441865
54.582300,84.667075,8.000000,-1.442474
54.753495,84.667023,8.000000,-1.443068
54.920500,84.661483,8.000000,-1.443648
55.083102,84.650291,8.000000,-1.444212
55.241175,84.633457,8.000000,-1.444762
55.394673,84.611152,8.000000,-1.445297
55.543546,84.583552,8.000000,-1.445820
55.687750,84.550832,8.000000,-1.446330
55.827238,84.513167,8.000000,-1.446828
55.961964,84.470733,8.000000,-1.447316
56.091881,84.423705,8.000000,-1.447793
56.216943,84.372259,8.000000,-1.448262
56.337103,84.316570,8.000000,-1.448722
56.452315,84.256813,8.000000,-1.449174
56.562533,84.193165,8.000000,-1.449619
56.667710,84.125799,8.000000,-1.450058
56.767800,84.054893,8.000000,-1.450492
56.862757,83.980620,8.000000,-1.450922
56.952533,83.903157,8.000000,-1.451348
57.037084,83.822680,8.000000,-1.451770
57.116362,83.739362,8.000000,-1.452191
57.190320,83.653381,8.000000,-1.452611
57.258914,83.564910,8.000000,-1.453029
57.322095,83.474127,8.000000,-1.453448
57.379819,83.381205,8.000000,-1.453868
57.432038,83.286321,8.000000,-1.454290
57.478706,83.189650,8.000000,-1.454715
57.519776,83.091368,8.000000,-1.455143
57.555203,82.991649,8.000000,-1.455575
57.584940,82.890669,8.000000,-1.456012
57.608940,82.788604,8.000000,-1.456455
57.627158,82.685630,8.000000,-1.456904
57.639546,82.581920,8.000000,-1.457361
57.646059,82.477652,8.000000,-1.457826
57.646649,82.373000,8.000000,-1.458299
57.641272,82.268139,8.000000,-1.458783
57.629879,82.163246,8.000000,-1.459277
57.612426,82.058495,8.000000,-1.459782
57.588864,81.954063,8.000000,-1.460300
57.559149,81.850124,8.000000,-1.460830
57.523234,81.746853,8.000000,-1.461374
57.481072,81.644427,8.000000,-1.461932
57.432617,81.543021,8.000000,-1.462506
57.377822,81.442810,8.000000,-1.463096
57.316641,81.343969,8.000000,-1.463702
57.249029,81.246674,8.000000,-1.464326
57.174938,81.151101,8.000000,-1.464969
57.094321,81.057424,8.000000,-1.465631
57.007134,80.965820,8.000000,-1.466312
56.913328,80.876463,8.000000,-1.467015
56.812859,80.789530,8.000000,-1.467739
56.705679,80.705194,8.000000,-1.468485
56.591845,80.623571,8.000000,-1.469254
56.471668,80.544620,8.000000,-1.470044
56.345496,80.468279,8.000000,-1.470854
56.213681,80.394485,8.000000,-1.471683
56.076571,80.323175,8.000000,-1.472528
55.934515,80.254287,8.000000,-1.473389
55.787864,80.187756,8.000000,-1.474264
55.636967,80.123521,8.000000,-1.475151
55.482173,80.061519,8.000000,-1.476049
55.323833,80.001686,8.000000,-1.476956
55.162295,79.943960,8.000000,-1.477872
54.997910,79.888278,8.000000,-1.478794
54.831026,79.834578,8.000000,-1.479721
54.661994,79.782795,8.000000,-1.480651
54.491163,79.732869,8.000000,-1.481584
54.318882,79.684734,8.000000,-1.482518
54.145502,79.638330,8.000000,-1.483450
53.971371,79.593592,8.000000,-1.484380
53.796840,79.550458,8.000000,-1.485307
53.622257,79.508865,8.000000,-1.486228
53.447973,79.468751,8.000000,-1.487142
53.274337,79.430052,8.000000,-1.488048
53.101699,79.392706,8.000000,-1.488944
52.930407,79.356649,8.000000,-1.489830
52.760813,79.321819,8.000000,-1.490702
52.593265,79.288153,8.000000,-1.491560
52.428112,79.255588,8.000000,-1.492403
52.265705,79.224062,8.000000,-1.493229
52.106393,79.193510,8.000000,-1.494036
51.950526,79.163872,8.000000,-1.494823
51.798453,79.135083,8.000000,-1.495588
51.650524,79.107081,8.000000,-1.496330
51.507088,79.079802,8.000000,-1.497048
51.368495,79.053185,8.000000,-1.497740
51.235094,79.027166,8.000000,-1.498405
51.107236,79.001683,8.000000,-1.499040
50.985269,78.976672,8.000000,-1.499645
50.869543,78.952070,8.000000,-1.500219
50.760409,78.927816,8.000000,-1.500759
50.658214,78.903845,8.000000,-1.501264
50.563310,78.880096,8.000000,-1.501732
50.476044,78.856504,8.000000,-1.502163
50.396768,78.833008,8.000000,-1.502555
50.325831,78.809545,8.000000,-1.502906
50.263582,78.786051,8.000000,-1.503215
50.210371,78.762464,8.000000,-1.503480
50.166547,78.738720,8.000000,-1.503700
50.132460,78.714758,8.000000,-1.503873
50.108409,78.690520,8.000000,-1.503998
50.094287,78.666002,8.000000,-1.504076
50.089792,78.641222,8.000000,-1.504108
50.094620,78.616201,8.000000,-1.504096
50.108467,78.590956,8.000000,-1.504040
50.131030,78.565509,8.000000,-1.503943
50.162005,78.539879,8.000000,-1.503806
50.201088,78.514084,8.000000,-1.503631
50.247976,78.488145,8.000000,-1.503417
50.302364,78.462081,8.000000,-1.503169
50.363950,78.435912,8.000000,-1.502885
50.432430,78.409657,8.000000,-1.502569
50.507500,78.383335,8.000000,-1.502222
50.588855,78.356966,8.000000,-1.501844
50.676194,78.330570,8.000000,-1.501438
50.769211,78.304165,8.000000,-1.501004
50.867603,78.277772,8.000000,-1.500545
50.971067,78.251411,8.000000,-1.500062
51.079299,78.225099,8.000000,-1.499556
51.191995,78.198858,8.000000,-1.499029
51.308852,78.172706,8.000000,-1.498481
51.429565,78.146663,8.000000,-1.497915
51.553832,78.120749,8.000000,-1.497332
51.681348,78.094982,8.000000,-1.496734
51.811809,78.069383,8.000000,-1.496121
51.944913,78.043971,8.000000,-1.495496
52.080356,78.018766,8.000000,-1.494859
52.217833,77.993786,8.000000,-1.494213
52.357041,77.969052,8.000000,-1.493558
52.497677,77.944582,8.000000,-1.492896
52.639436,77.920398,8.000000,-1.492229
52.782016,77.896517,8.000000,-1.491557
52.925112,77.872959,8.000000,-1.490883
53.068420,77.849744,8.000000,-1.490208
53.211638,77.826892,8.000000,-1.489533
53.354461,77.804422,8.000000,-1.488860
53.496586,77.782353,8.000000,-1.488190
53.637709,77.760704,8.000000,-1.487525
53.777526,77.739497,8.000000,-1.486866
53.915734,77.718749,8.000000,-1.486214
54.052028,77.698480,8.000000,-1.485571
54.186106,77.678711,8.000000,-1.484939
54.317664,77.659459,8.000000,-1.484318
54.446398,77.640746,8.000000,-1.483711
54.572004,77.622590,8.000000,-1.483118
54.694178,77.605011,8.000000,-1.482542
54.812618,77.588028,8.000000,-1.481983
54.927019,77.571660,8.000000,-1.481443
55.037081,77.555928,8.000000,-1.480923
55.142666,77.540837,8.000000,-1.480425
55.243852,77.526374,8.000000,-1.479948
55.340733,77.512527,8.000000,-1.479490
55.433403,77.499282,8.000000,-1.479053
55.521955,77.486625,8.000000,-1.478635
55.606482,77.474544,8.000000,-1.478236
55.687079,77.463024,8.000000,-1.477856
55.763838,77.452053,8.000000,-1.477494
55.836854,77.441617,8.000000,-1.477149
55.906220,77.431702,8.000000,-1.476822
55.972029,77.422296,8.000000,-1.476511
56.034375,77.413385,8.000000,-1.476217
56.093353,77.404955,8.000000,-1.475939
56.149054,77.396994,8.000000,-1.475676
56.201574,77.389487,8.000000,-1.475428
56.251005,77.382422,8.000000,-1.475195
56.297441,77.375785,8.000000,-1.474976
56.340976,77.369562,8.000000,-1.474770
56.381703,77.363741,8.000000,-1.474578
56.419717,77.358308,8.000000,-1.474399
56.455109,77.353249,8.000000,-1.474232
56.487975,77.348552,8.000000,-1.474077
56.518407,77.344202,8.000000,-1.473933
56.546500,77.340187,8.000000,-1.473800
56.572346,77.336493,8.000000,-1.473679
56.596040,77.333106,8.000000,-1.473567
56.617675,77.330014,8.000000,-1.473465
56.637344,77.327202,8.000000,-1.473372
56.655142,77.324658,8.000000,-1.473288
56.671162,77.322369,8.000000,-1.473212
56.685496,77.320320,8.000000,-1.473145
56.698240,77.318498,8.000000,-1.473084
56.709487,77.316891,8.000000,-1.473031
56.719329,77.315484,8.000000,-1.472985
56.727861,77.314265,8.000000,-1.472945
56.735177,77.313219,8.000000,-1.472910
56.741370,77.312334,8.000000,-1.472881
56.746533,77.311596,8.000000,-1.472857
56.750760,77.310992,8.000000,-1.472837
56.754145,77.310508,8.000000,-1.472821
56.756781,77.310131,8.000000,-1.472808
56.758762,77.309848,8.000000,-1.472799
56.760181,77.309645,8.000000,-1.472792
56.761133,77.309509,8.000000,-1.472788
56.761710,77.309427,8.000000,-1.472785
56.762006,77.309384,8.000000,-1.472784
56.762115,77.309369,8.000000,-1.472783
56.762131,77.309367,8.000000,-1.472783
