-7.784822,-22.891235,8.000000,-3.141593
-7.784751,-22.891234,8.000000,-3.141582
-7.784258,-22.891225,8.000000,-3.141506
-7.782920,-22.891201,8.000000,-3.141300
-7.780313,-22.891153,8.000000,-3.140898
-7.776016,-22.891074,8.000000,-3.140236
-7.769605,-22.890957,8.000000,-3.139248
-7.760658,-22.890794,8.000000,-3.137870
-7.748752,-22.890577,8.000000,-3.136035
-7.733464,-22.890298,8.000000,-3.133680
-7.714373,-22.889949,8.000000,-3.130738
-7.691054,-22.889523,8.000000,-3.127146
-7.663086,-22.889013,8.000000,-3.122837
-7.630045,-22.888409,8.000000,-3.117746
-7.591572,-22.887712,8.000000,-3.111810
-7.549030,-22.887084,8.000000,-3.104989
-7.505662,-22.886873,8.000000,-3.097271
-7.464812,-22.887432,8.000000,-3.088648
-7.429820,-22.889117,8.000000,-3.079108
-7.404028,-22.892283,8.000000,-3.068641
-7.390778,-22.897285,8.000000,-3.057238
-7.393410,-22.904477,8.000000,-3.044889
-7.415267,-22.914216,8.000000,-3.031582
-7.459690,-22.926856,8.000000,-3.017309
-7.530021,-22.942752,8.000000,-3.002059
-7.629600,-22.962258,8.000000,-2.985822
-7.761771,-22.985731,8.000000,-2.968588
-7.929873,-23.013526,8.000000,-2.950346
-8.136052,-23.045767,8.000000,-2.931084
-8.376557,-23.081450,8.000000,-2.910769
-8.645825,-23.119224,8.000000,-2.889365
-8.938292,-23.157737,8.000000,-2.866833
-9.248393,-23.195638,8.000000,-2.843136
-9.570565,-23.231573,8.000000,-2.818238
-9.899244,-23.264191,8.000000,-2.792100
-10.228865,-23.292141,8.000000,-2.764686
-10.553864,-23.314071,8.000000,-2.735958
-10.868678,-23.328628,8.000000,-2.705879
-11.167743,-23.334462,8.000000,-2.674412
-11.445494,-23.330219,8.000000,-2.641519
-11.696367,-23.314548,8.000000,-2.607163
-11.914861,-23.286138,8.000000,-2.571309
-12.097963,-23.245306,8.000000,-2.534048
-12.245925,-23.194504,8.000000,-2.495626
-12.359223,-23.136329,8.000000,-2.456307
-12.438329,-23.073378,8.000000,-2.416349
-12.483720,-23.008250,8.000000,-2.376014
-12.495869,-22.943541,8.000000,-2.335561
-12.475252,-22.881849,8.000000,-2.295252
-12.422342,-22.825771,8.000000,-2.255347
-12.337615,-22.777905,8.000000,-2.216107
-12.221544,-22.740848,8.000000,-2.177791
-12.074605,-22.717197,8.000000,-2.140661
-11.897272,-22.709550,8.000000,-2.104977
-11.690019,-22.720504,8.000000,-2.070999
-11.453634,-22.752200,8.000000,-2.038956
-11.190803,-22.803995,8.000000,-2.008879
-10.904931,-22.874198,8.000000,-1.980725
-10.599420,-22.961115,8.000000,-1.954450
-10.277677,-23.063056,8.000000,-1.930012
-9.943105,-23.178327,8.000000,-1.907368
-9.599110,-23.305235,8.000000,-1.886473
-9.249095,-23.442088,8.000000,-1.867286
-8.896465,-23.587193,8.000000,-1.849762
-8.544624,-23.738857,8.000000,-1.833859
-8.196977,-23.895388,8.000000,-1.819534
-7.856929,-24.055094,8.000000,-1.806743
-7.527885,-24.216281,8.000000,-1.795444
-7.213234,-24.377250,8.000000,-1.785592
-6.915526,-24.535878,8.000000,-1.777122
-6.635982,-24.689372,8.000000,-1.769931
-6.375703,-24.834880,8.000000,-1.763916
-6.135794,-24.969551,8.000000,-1.758971
-5.917357,-25.090533,8.000000,-1.754992
-5.721496,-25.194975,8.000000,-1.751873
-5.549312,-25.280025,8.000000,-1.749510
-5.401910,-25.342831,8.000000,-1.747798
-5.280392,-25.380542,8.000000,-1.746631
-5.185861,-25.390306,8.000000,-1.745906
-5.119420,-25.369272,8.000000,-1.745517
-5.082173,-25.314588,8.000000,-1.745360
-5.075222,-25.223402,8.000000,-1.745329
-5.099386,-25.093495,8.000000,-1.745331
-5.153324,-24.927437,8.000000,-1.745351
-5.234705,-24.729993,8.000000,-1.745412
-5.341196,-24.505940,8.000000,-1.745537
-5.470460,-24.260055,8.000000,-1.745749
-5.620163,-23.997114,8.000000,-1.746070
-5.787969,-23.721895,8.000000,-1.746524
-5.971543,-23.439173,8.000000,-1.747132
-6.168550,-23.153727,8.000000,-1.747920
-6.376656,-22.870332,8.000000,-1.748908
-6.593524,-22.593765,8.000000,-1.750120
-6.816821,-22.328804,8.000000,-1.751579
-7.044210,-22.080224,8.000000,-1.753308
-7.273356,-21.852786,8.000000,-1.755329
-7.501906,-21.649332,8.000000,-1.757702
-7.727472,-21.469058,8.000000,-1.760553
-7.947661,-21.310748,8.000000,-1.764014
-8.160081,-21.173190,8.000000,-1.768220
-8.362341,-21.055170,8.000000,-1.773304
-8.552048,-20.955472,8.000000,-1.779399
-8.726809,-20.872884,8.000000,-1.786640
-8.884234,-20.806191,8.000000,-1.795159
-9.021929,-20.754180,8.000000,-1.805091
-9.137503,-20.715636,8.000000,-1.816568
-9.228563,-20.689345,8.000000,-1.829725
-9.292717,-20.674094,8.000000,-1.844695
-9.327573,-20.668668,8.000000,-1.861611
-9.331263,-20.671872,8.000000,-1.880565
-9.306917,-20.682689,8.000000,-1.901261
-9.260436,-20.700198,8.000000,-1.923181
-9.197752,-20.723481,8.000000,-1.945809
-9.124797,-20.751621,8.000000,-1.968626
-9.047501,-20.783697,8.000000,-1.991115
-8.971797,-20.818793,8.000000,-2.012759
-8.903616,-20.855989,8.000000,-2.033038
-8.848890,-20.894367,8.000000,-2.051437
-8.813549,-20.933010,8.000000,-2.067436
-8.803526,-20.970997,8.000000,-2.080519
-8.824753,-21.007411,8.000000,-2.090167
-8.883159,-21.041334,8.000000,-2.095863
-8.984661,-21.071848,8.000000,-2.097091
-9.131032,-21.098304,8.000000,-2.093628
-9.314489,-21.120667,8.000000,-2.085931
-9.525909,-21.138993,8.000000,-2.074555
-9.756168,-21.153335,8.000000,-2.060052
-9.996141,-21.163746,8.000000,-2.042975
-10.236704,-21.170281,8.000000,-2.023878
-10.468733,-21.172993,8.000000,-2.003313
-10.683103,-21.171936,8.000000,-1.981833
-10.870691,-21.167164,8.000000,-1.959993
-11.022372,-21.158731,8.000000,-1.938344
-11.129021,-21.146690,8.000000,-1.917439
-11.181516,-21.131095,8.000000,-1.897833
-11.170730,-21.112000,8.000000,-1.880078
-11.088295,-21.089468,8.000000,-1.864691
-10.935045,-21.063673,8.000000,-1.851743
-10.717967,-21.034860,8.000000,-1.841008
-10.444158,-21.003279,8.000000,-1.832254
-10.120718,-20.969178,8.000000,-1.825252
-9.754744,-20.932805,8.000000,-1.819768
-9.353336,-20.894408,8.000000,-1.815571
-8.923592,-20.854237,8.000000,-1.812430
-8.472610,-20.812539,8.000000,-1.810114
-8.007489,-20.769564,8.000000,-1.808392
-7.535327,-20.725558,8.000000,-1.807031
-7.063223,-20.680771,8.000000,-1.805800
-6.598276,-20.635451,8.000000,-1.804468
-6.147582,-20.589847,8.000000,-1.802804
-5.717242,-20.544845,8.000000,-1.800697
-5.310552,-20.503126,8.000000,-1.798381
-4.930317,-20.467681,8.000000,-1.796145
-4.579346,-20.441502,8.000000,-1.794283
-4.260443,-20.427582,8.000000,-1.793084
-3.976416,-20.428912,8.000000,-1.792843
-3.730070,-20.448486,8.000000,-1.793848
-3.524213,-20.489295,8.000000,-1.796393
-3.361649,-20.554331,8.000000,-1.800769
-3.245187,-20.646586,8.000000,-1.807267
-3.177632,-20.769053,8.000000,-1.816179
-3.161790,-20.924725,8.000000,-1.827797
-3.200468,-21.116592,8.000000,-1.842412
-3.296077,-21.347264,8.000000,-1.860285
-3.444706,-21.613217,8.000000,-1.881175
-3.637375,-21.906009,8.000000,-1.904444
-3.864962,-22.217062,8.000000,-1.929440
-4.118342,-22.537793,8.000000,-1.955512
-4.388392,-22.859623,8.000000,-1.982008
-4.665989,-23.173971,8.000000,-2.008277
-4.942009,-23.472257,8.000000,-2.033668
-5.207330,-23.745900,8.000000,-2.057529
-5.452826,-23.986320,8.000000,-2.079209
-5.669376,-24.184936,8.000000,-2.098058
-5.847856,-24.333168,8.000000,-2.113423
-5.979142,-24.422436,8.000000,-2.124653
-6.054111,-24.444160,8.000000,-2.131097
-6.067214,-24.393825,8.000000,-2.132381
-6.025227,-24.280941,8.000000,-2.129087
-5.937583,-24.118039,8.000000,-2.122003
-5.813714,-23.917650,8.000000,-2.111918
-5.663054,-23.692306,8.000000,-2.099618
-5.495033,-23.454537,8.000000,-2.085892
-5.319084,-23.216876,8.000000,-2.071529
-5.144641,-22.991852,8.000000,-2.057316
-4.981135,-22.791998,8.000000,-2.044041
-4.837998,-22.629843,8.000000,-2.032492
-4.724664,-22.517921,8.000000,-2.023458
-4.650564,-22.468761,8.000000,-2.017726
-4.625130,-22.494894,8.000000,-2.016084
-4.657439,-22.608249,8.000000,-2.019289
-4.748893,-22.807789,8.000000,-2.027413
-4.893513,-23.080004,8.000000,-2.039870
-5.085024,-23.410882,8.000000,-2.056049
-5.317148,-23.786409,8.000000,-2.075338
-5.583608,-24.192572,8.000000,-2.097123
-5.878128,-24.615356,8.000000,-2.120795
-6.194430,-25.040750,8.000000,-2.145739
-6.526239,-25.454738,8.000000,-2.171345
-6.867276,-25.843308,8.000000,-2.197000
-7.211266,-26.192446,8.000000,-2.222092
-7.551931,-26.488138,8.000000,-2.246009
-7.882994,-26.716372,8.000000,-2.268139
-8.198179,-26.863133,8.000000,-2.287870
-8.492504,-26.918490,8.000000,-2.304740
-8.766485,-26.889840,8.000000,-2.318922
-9.022094,-26.789177,8.000000,-2.330757
-9.261307,-26.628494,8.000000,-2.340587
-9.486097,-26.419785,8.000000,-2.348754
-9.698438,-26.175044,8.000000,-2.355600
-9.900305,-25.906265,8.000000,-2.361467
-10.093670,-25.625441,8.000000,-2.366695
-10.280508,-25.344566,8.000000,-2.371628
-10.462792,-25.075633,8.000000,-2.376606
-10.642498,-24.830638,8.000000,-2.381972
-10.821598,-24.621573,8.000000,-2.388066
-11.002066,-24.460432,8.000000,-2.395231
-11.185810,-24.358934,8.000000,-2.403798
-11.372702,-24.320520,8.000000,-2.413747
-11.560272,-24.339088,8.000000,-2.424659
-11.745921,-24.408004,8.000000,-2.436091
-11.927047,-24.520636,8.000000,-2.447602
-12.101051,-24.670354,8.000000,-2.458749
-12.265333,-24.850523,8.000000,-2.469090
-12.417292,-25.054514,8.000000,-2.478183
-12.554328,-25.275692,8.000000,-2.485585
-12.673841,-25.507427,8.000000,-2.490855
-12.773231,-25.743086,8.000000,-2.493550
-12.849898,-25.976037,8.000000,-2.493228
-12.901241,-26.199649,8.000000,-2.489446
-12.924660,-26.407288,8.000000,-2.481764
-12.918242,-26.593171,8.000000,-2.469853
-12.883668,-26.755955,8.000000,-2.453991
-12.823787,-26.895744,8.000000,-2.434654
-12.741454,-27.012643,8.000000,-2.412314
-12.639518,-27.106755,8.000000,-2.387448
-12.520834,-27.178186,8.000000,-2.360529
-12.388253,-27.227040,8.000000,-2.332032
-12.244626,-27.253422,8.000000,-2.302431
-12.092807,-27.257436,8.000000,-2.272202
-11.935646,-27.239187,8.000000,-2.241818
-11.775997,-27.198779,8.000000,-2.211755
-11.616712,-27.136318,8.000000,-2.182486
-11.460641,-27.051908,8.000000,-2.154486
-11.310584,-26.945687,8.000000,-2.128228
-11.166895,-26.819350,8.000000,-2.104055
-11.026550,-26.676739,8.000000,-2.082137
-10.886278,-26.521855,8.000000,-2.062631
-10.742806,-26.358697,8.000000,-2.045691
-10.592864,-26.191267,8.000000,-2.031476
-10.433180,-26.023565,8.000000,-2.020140
-10.260482,-25.859590,8.000000,-2.011840
-10.071499,-25.703345,8.000000,-2.006732
-9.862960,-25.558828,8.000000,-2.004973
-9.631592,-25.430041,8.000000,-2.006719
-9.374123,-25.320983,8.000000,-2.012126
-9.087284,-25.235656,8.000000,-2.021350
-8.767801,-25.178059,8.000000,-2.034547
-8.413499,-25.151579,8.000000,-2.051810
-8.029291,-25.155621,8.000000,-2.072808
-7.622918,-25.188004,8.000000,-2.097044
-7.202127,-25.246544,8.000000,-2.124021
-6.774666,-25.329056,8.000000,-2.153242
-6.348283,-25.433355,8.000000,-2.184208
-5.930724,-25.557257,8.000000,-2.216424
-5.529737,-25.698577,8.000000,-2.249390
-5.153070,-25.855130,8.000000,-2.282611
-4.808471,-26.024731,8.000000,-2.315587
-4.503686,-26.205196,8.000000,-2.347823
-4.246463,-26.394341,8.000000,-2.378820
-4.044550,-26.589980,8.000000,-2.408081
-3.905622,-26.789927,8.000000,-2.435111
-3.832053,-26.991923,8.000000,-2.459667
-3.817397,-27.193582,8.000000,-2.481918
-3.854374,-27.392508,8.000000,-2.502073
-3.935706,-27.586305,8.000000,-2.520340
-4.054113,-27.772577,8.000000,-2.536929
-4.202315,-27.948926,8.000000,-2.552048
-4.373033,-28.112956,8.000000,-2.565907
-4.558988,-28.262272,8.000000,-2.578714
-4.752900,-28.394476,8.000000,-2.590679
-4.947490,-28.507173,8.000000,-2.602009
-5.135478,-28.597965,8.000000,-2.612915
-5.309585,-28.664456,8.000000,-2.623605
-5.462531,-28.704251,8.000000,-2.634288
-5.587675,-28.715286,8.000000,-2.645168
-5.683521,-28.698214,8.000000,-2.656419
-5.751070,-28.654994,8.000000,-2.668195
-5.791335,-28.587598,8.000000,-2.680652
-5.805333,-28.497996,8.000000,-2.693946
-5.794080,-28.388160,8.000000,-2.708234
-5.758589,-28.260059,8.000000,-2.723670
-5.699878,-28.115664,8.000000,-2.740410
-5.618960,-27.956946,8.000000,-2.758611
-5.516852,-27.785875,8.000000,-2.778428
-5.394569,-27.604423,8.000000,-2.800017
-5.253126,-27.414558,8.000000,-2.823533
-5.093539,-27.218254,8.000000,-2.849133
-4.916831,-27.017470,8.000000,-2.876971
-4.725208,-26.812933,8.000000,-2.907034
-4.523252,-26.602887,8.000000,-2.938969
-4.315826,-26.385280,8.000000,-2.972386
-4.107797,-26.158058,8.000000,-3.006893
-3.904030,-25.919169,8.000000,-3.042097
-3.709388,-25.666560,8.000000,-3.077607
-3.528738,-25.398177,8.000000,-3.113032
-3.366945,-25.111967,8.000000,3.135206
-3.228873,-24.805879,8.000000,3.101129
-3.119388,-24.477858,8.000000,3.068312
-3.043355,-24.125851,8.000000,3.037148
-3.005639,-23.747807,8.000000,3.008028
-3.011104,-23.341671,8.000000,2.981345
-3.064100,-22.905998,8.000000,2.957453
-3.163703,-22.445540,8.000000,2.936323
-3.305902,-21.968674,8.000000,2.917703
-3.486647,-21.483826,8.000000,2.901337
-3.701890,-20.999421,8.000000,2.886970
-3.947581,-20.523884,8.000000,2.874348
-4.219670,-20.065638,8.000000,2.863214
-4.514108,-19.633109,8.000000,2.853314
-4.826846,-19.234722,8.000000,2.844392
-5.153835,-18.878901,8.000000,2.836194
-5.491025,-18.574072,8.000000,2.828463
-5.834366,-18.328658,8.000000,2.820944
-6.179809,-18.151084,8.000000,2.813383
-6.523309,-18.049764,8.000000,2.805524
-6.861883,-18.029092,8.000000,2.797229
-7.195150,-18.083666,8.000000,2.788646
-7.523114,-18.206613,8.000000,2.779965
-7.845782,-18.391064,8.000000,2.771374
-8.163160,-18.630147,8.000000,2.763065
-8.475253,-18.916992,8.000000,2.755226
-8.782067,-19.244729,8.000000,2.748049
-9.083609,-19.606486,8.000000,2.741722
-9.379884,-19.995393,8.000000,2.736436
-9.670898,-20.404579,8.000000,2.732380
-9.956656,-20.827173,8.000000,2.729745
-10.237166,-21.256305,8.000000,2.728719
-10.512432,-21.685104,8.000000,2.729494
-10.782342,-22.106754,8.000000,2.732245
-11.045230,-22.515166,8.000000,2.736974
-11.298332,-22.904761,8.000000,2.743561
-11.538864,-23.269971,8.000000,2.751881
-11.764041,-23.605228,8.000000,2.761811
-11.971078,-23.904963,8.000000,2.773227
-12.157189,-24.163609,8.000000,2.786005
-12.319591,-24.375598,8.000000,2.800021
-12.455497,-24.535361,8.000000,2.815152
-12.562123,-24.637331,8.000000,2.831274
-12.636683,-24.675940,8.000000,2.848263
-12.676393,-24.645619,8.000000,2.865995
-12.678468,-24.540800,8.000000,2.884347
-12.640123,-24.355920,8.000000,2.903194
-12.560457,-24.090172,8.000000,2.922355
-12.444170,-23.756938,8.000000,2.941472
-12.297001,-23.372227,8.000000,2.960156
-12.124692,-22.952050,8.000000,2.978016
-11.932983,-22.512416,8.000000,2.994665
-11.727614,-22.069337,8.000000,3.009712
-11.514326,-21.638823,8.000000,3.022767
-11.298857,-21.236884,8.000000,3.033442
-11.086950,-20.879530,8.000000,3.041346
-10.884344,-20.582771,8.000000,3.046091
-10.696780,-20.362619,8.000000,3.047286
-10.529997,-20.235083,8.000000,3.044543
-10.389736,-20.216173,8.000000,3.037471
-10.281422,-20.320888,8.000000,3.025719
-10.205014,-20.546725,8.000000,3.009569
-10.155857,-20.876389,8.000000,2.989846
-10.129146,-21.292115,8.000000,2.967389
-10.120079,-21.776144,8.000000,2.943037
-10.123852,-22.310713,8.000000,2.917631
-10.135664,-22.878060,8.000000,2.892011
-10.150711,-23.460423,8.000000,2.867015
-10.164190,-24.040040,8.000000,2.843484
-10.171299,-24.599150,8.000000,2.822257
-10.167234,-25.119990,8.000000,2.804175
-10.147193,-25.584798,8.000000,2.790077
-10.106372,-25.975814,8.000000,2.780802
-10.039970,-26.275274,8.000000,2.777191
-9.944263,-26.470686,8.000000,2.779802
-9.819482,-26.568832,8.000000,2.788165
-9.666765,-26.580906,8.000000,2.801574
-9.487246,-26.518100,8.000000,2.819325
-9.282060,-26.391606,8.000000,2.840710
-9.052345,-26.212616,8.000000,2.865026
-8.799234,-25.992322,8.000000,2.891565
-8.523864,-25.741918,8.000000,2.919624
-8.227371,-25.472594,8.000000,2.948496
-7.910889,-25.195543,8.000000,2.977476
-7.575556,-24.921958,8.000000,3.005858
-7.222505,-24.663030,8.000000,3.032937
-6.852874,-24.429953,8.000000,3.058008
-6.467903,-24.233586,8.000000,3.080378
-6.071334,-24.076985,8.000000,3.099696
-5.669438,-23.955298,8.000000,3.115950
-5.268601,-23.863319,8.000000,3.129143
-4.875205,-23.795846,8.000000,3.139282
-4.495637,-23.747673,8.000000,-3.136816
-4.136281,-23.713598,8.000000,-3.132775
-3.803521,-23.688415,8.000000,-3.131777
-3.503742,-23.666920,8.000000,-3.133817
-3.243329,-23.643910,8.000000,-3.138891
-3.028665,-23.614180,8.000000,3.136191
-2.866137,-23.572526,8.000000,3.125062
-2.762128,-23.513744,8.000000,3.110912
-2.723023,-23.432630,8.000000,3.093746
-2.753051,-23.325105,8.000000,3.073598
-2.846730,-23.192159,8.000000,3.050644
-2.995844,-23.036211,8.000000,3.025098
-3.192177,-22.859677,8.000000,2.997175
-3.427512,-22.664975,8.000000,2.967089
-3.693635,-22.454523,8.000000,2.935056
-3.982328,-22.230739,8.000000,2.901288
-4.285377,-21.996039,8.000000,2.866002
-4.594564,-21.752843,8.000000,2.829411
-4.901674,-21.503566,8.000000,2.791730
-5.198492,-21.250628,8.000000,2.753174
-5.476800,-20.996445,8.000000,2.713957
-5.728384,-20.743436,8.000000,2.674293
-5.945192,-20.494060,8.000000,2.634399
-6.124747,-20.252229,8.000000,2.594528
-6.271333,-20.023613,8.000000,2.554982
-6.389643,-19.813989,8.000000,2.516066
-6.484371,-19.629134,8.000000,2.478083
-6.560208,-19.474824,8.000000,2.441338
-6.621848,-19.356835,8.000000,2.406134
-6.673983,-19.280946,8.000000,2.372777
-6.721306,-19.252931,8.000000,2.341570
-6.768510,-19.278569,8.000000,2.312817
-6.820287,-19.363635,8.000000,2.286823
-6.881330,-19.513907,8.000000,2.263892
-6.956332,-19.735160,8.000000,2.244328
-7.049986,-20.033173,8.000000,2.228435
-7.166011,-20.411328,8.000000,2.216445
-7.302718,-20.859714,8.000000,2.208192
-7.456551,-21.363825,8.000000,2.203370
-7.623950,-21.909151,8.000000,2.201672
-7.801356,-22.481182,8.000000,2.202795
-7.985212,-23.065408,8.000000,2.206432
-8.171956,-23.647319,8.000000,2.212277
-8.358032,-24.212405,8.000000,2.220026
-8.539879,-24.746157,8.000000,2.229372
-8.713940,-25.234064,8.000000,2.240011
-8.876655,-25.661617,8.000000,2.251635
-9.024465,-26.014305,8.000000,2.263941
-9.153811,-26.277618,8.000000,2.276623
-9.261162,-26.437269,8.000000,2.289377
-9.344357,-26.490308,8.000000,2.302017
-9.403234,-26.450313,8.000000,2.314532
-9.437791,-26.332167,8.000000,2.326921
-9.448025,-26.150752,8.000000,2.339184
-9.433932,-25.920954,8.000000,2.351322
-9.395510,-25.657654,8.000000,2.363335
-9.332754,-25.375735,8.000000,2.375224
-9.245662,-25.090082,8.000000,2.386989
-9.134231,-24.815577,8.000000,2.398629
-8.998458,-24.567104,8.000000,2.410146
-8.838339,-24.359546,8.000000,2.421540
-8.653872,-24.207785,8.000000,2.432811
-8.445052,-24.126706,8.000000,2.443960
-8.212404,-24.128539,8.000000,2.455005
-7.960074,-24.207220,8.000000,2.466097
-7.693740,-24.348977,8.000000,2.477440
-7.419084,-24.540009,8.000000,2.489239
-7.141787,-24.766516,8.000000,2.501698
-6.867531,-25.014696,8.000000,2.515024
-6.601998,-25.270750,8.000000,2.529421
-6.350870,-25.520877,8.000000,2.545093
-6.119828,-25.751276,8.000000,2.562245
-5.914556,-25.948147,8.000000,2.581084
-5.740733,-26.097690,8.000000,2.601812
-5.604044,-26.186103,8.000000,2.624636
-5.510168,-26.199587,8.000000,2.649760
-5.464740,-26.124436,8.000000,2.677386
-5.469231,-25.955172,8.000000,2.707485
-5.517807,-25.700755,8.000000,2.739618
-5.603892,-25.371606,8.000000,2.773306
-5.720911,-24.978147,8.000000,2.808070
-5.862292,-24.530802,8.000000,2.843431
-6.021458,-24.039991,8.000000,2.878909
-6.191835,-23.516136,8.000000,2.914026
-6.366849,-22.969661,8.000000,2.948301
-6.539925,-22.410986,8.000000,2.981257
-6.704489,-21.850535,8.000000,3.012413
-6.853965,-21.298729,8.000000,3.041290
-6.981780,-20.765989,8.000000,3.067410
-7.081358,-20.262739,8.000000,3.090292
-7.146818,-19.798848,8.000000,3.109509
-7.178259,-19.379415,8.000000,3.125070
-7.178840,-19.007101,8.000000,3.137206
-7.151742,-18.684548,8.000000,-3.137032
-7.100149,-18.414396,8.000000,-3.131041
-7.027243,-18.199286,8.000000,-3.127770
-6.936207,-18.041859,8.000000,-3.126985
-6.830223,-17.944756,8.000000,-3.128452
-6.712475,-17.910619,8.000000,-3.131936
-6.586144,-17.942087,8.000000,-3.137204
-6.454413,-18.041803,8.000000,3.139166
-6.320466,-18.212406,8.000000,3.131036
-6.187484,-18.456539,8.000000,3.121826
-6.058643,-18.776814,8.000000,3.111772
-5.935792,-19.171180,8.000000,3.101046
-5.817971,-19.627682,8.000000,3.089702
-5.703860,-20.133099,8.000000,3.077773
-5.592137,-20.674209,8.000000,3.065294
-5.481483,-21.237794,8.000000,3.052300
-5.370576,-21.810632,8.000000,3.038826
-5.258097,-22.379502,8.000000,3.024907
-5.142725,-22.931185,8.000000,3.010577
-5.023139,-23.452459,8.000000,2.995871
-4.898019,-23.930104,8.000000,2.980824
-4.766045,-24.350899,8.000000,2.965471
-4.625896,-24.701624,8.000000,2.949846
-4.476252,-24.969059,8.000000,2.933985
-4.316157,-25.141153,8.000000,2.917938
-4.148645,-25.218688,8.000000,2.901928
-3.979215,-25.210362,8.000000,2.886286
-3.813404,-25.124993,8.000000,2.871341
-3.656745,-24.971397,8.000000,2.857427
-3.514773,-24.758391,8.000000,2.844874
-3.393025,-24.494791,8.000000,2.834013
-3.297035,-24.189414,8.000000,2.825177
-3.232339,-23.851077,8.000000,2.818696
-3.204471,-23.488596,8.000000,2.814902
-3.218966,-23.110788,8.000000,2.814126
-3.281360,-22.726469,8.000000,2.816700
-3.397188,-22.344456,8.000000,2.822955
-3.571977,-21.973561,8.000000,2.833222
-3.807402,-21.620604,8.000000,2.847600
-4.095197,-21.287259,8.000000,2.865586
-4.425515,-20.974380,8.000000,2.886583
-4.788505,-20.682822,8.000000,2.909994
-5.174320,-20.413441,8.000000,2.935221
-5.573109,-20.167090,8.000000,2.961666
-5.975026,-19.944624,8.000000,2.988733
-6.370220,-19.746899,8.000000,3.015824
-6.748842,-19.574770,8.000000,3.042342
-7.101045,-19.429090,8.000000,3.067688
-7.416979,-19.310715,8.000000,3.091266
-7.686796,-19.220500,8.000000,3.112477
-7.900646,-19.159299,8.000000,3.130726
-8.049428,-19.127782,8.000000,-3.137728
-8.134619,-19.123993,8.000000,-3.126448
-8.165550,-19.144025,8.000000,-3.118095
-8.151739,-19.183928,8.000000,-3.112132
-8.102701,-19.239749,8.000000,-3.108024
-8.027953,-19.307538,8.000000,-3.105233
-7.937012,-19.383342,8.000000,-3.103226
-7.839394,-19.463209,8.000000,-3.101464
-7.744617,-19.543189,8.000000,-3.099413
-7.662197,-19.619330,8.000000,-3.096536
-7.601649,-19.687679,8.000000,-3.092298
-7.572492,-19.744286,8.000000,-3.086162
-7.584242,-19.785199,8.000000,-3.077592
-7.646414,-19.806466,8.000000,-3.066052
-7.764830,-19.805769,8.000000,-3.051210
-7.933654,-19.785942,8.000000,-3.033374
-8.144749,-19.750834,8.000000,-3.012979
-8.389982,-19.704295,8.000000,-2.990460
-8.661217,-19.650174,8.000000,-2.966252
-8.950319,-19.592321,8.000000,-2.940790
-9.249154,-19.534585,8.000000,-2.914509
-9.549586,-19.480816,8.000000,-2.887844
-9.843481,-19.434864,8.000000,-2.861231
-10.122704,-19.400577,8.000000,-2.835103
-10.379120,-19.381805,8.000000,-2.809896
-10.604594,-19.382398,8.000000,-2.786045
-10.790991,-19.406205,8.000000,-2.763986
-10.930548,-19.456831,8.000000,-2.744134
-11.022515,-19.533268,8.000000,-2.726562
-11.072379,-19.630406,8.000000,-2.711038
-11.085847,-19.742990,8.000000,-2.697316
-11.068626,-19.865763,8.000000,-2.685153
-11.026421,-19.993472,8.000000,-2.674306
-10.964941,-20.120861,8.000000,-2.664528
-10.889891,-20.242676,8.000000,-2.655578
-10.806978,-20.353661,8.000000,-2.647210
-10.721909,-20.448562,8.000000,-2.639180
-10.640390,-20.522123,8.000000,-2.631245
-10.568127,-20.569089,8.000000,-2.623160
-10.510829,-20.584207,8.000000,-2.614681
-10.474200,-20.562219,8.000000,-2.605564
-10.462275,-20.499609,8.000000,-2.595622
-10.472596,-20.399595,8.000000,-2.584886
-10.501128,-20.267036,8.000000,-2.573442
-10.543837,-20.106787,8.000000,-2.561377
-10.596687,-19.923706,8.000000,-2.548774
-10.655643,-19.722648,8.000000,-2.535720
-10.716673,-19.508471,8.000000,-2.522301
-10.775740,-19.286032,8.000000,-2.508601
-10.828810,-19.060187,8.000000,-2.494706
-10.871848,-18.835792,8.000000,-2.480702
-10.900820,-18.617704,8.000000,-2.466674
-10.911692,-18.410780,8.000000,-2.452708
-10.900427,-18.219877,8.000000,-2.438889
-10.863144,-18.049735,8.000000,-2.425302
-10.799854,-17.902075,8.000000,-2.412011
-10.714731,-17.775398,8.000000,-2.399059
-10.612148,-17.668050,8.000000,-2.386489
-10.496480,-17.578374,8.000000,-2.374340
-10.372102,-17.504715,8.000000,-2.362656
-10.243388,-17.445418,8.000000,-2.351478
-10.114712,-17.398828,8.000000,-2.340848
-9.990450,-17.363288,8.000000,-2.330807
-9.874975,-17.337143,8.000000,-2.321397
-9.772662,-17.318738,8.000000,-2.312660
-9.687886,-17.306417,8.000000,-2.304637
-9.625021,-17.298526,8.000000,-2.297371
-9.588441,-17.293407,8.000000,-2.290902
-9.581652,-17.289989,8.000000,-2.285294
-9.604000,-17.289985,8.000000,-2.280705
-9.653590,-17.295940,8.000000,-2.277322
-9.728528,-17.310398,8.000000,-2.275334
-9.826919,-17.335905,8.000000,-2.274928
-9.946868,-17.375007,8.000000,-2.276292
-10.086479,-17.430247,8.000000,-2.279614
-10.243858,-17.504172,8.000000,-2.285082
-10.417111,-17.599326,8.000000,-2.292884
-10.604341,-17.718255,8.000000,-2.303207
-10.803654,-17.863504,8.000000,-2.316240
-11.013156,-18.037617,8.000000,-2.332170
-11.230950,-18.243141,8.000000,-2.351185
-11.455123,-18.482556,8.000000,-2.373467
-11.682981,-18.755996,8.000000,-2.399009
-11.910841,-19.060583,8.000000,-2.427558
-12.134955,-19.393245,8.000000,-2.458847
-12.351573,-19.750910,8.000000,-2.492606
-12.556946,-20.130506,8.000000,-2.528567
-12.747326,-20.528959,8.000000,-2.566463
-12.918964,-20.943198,8.000000,-2.606025
-13.068112,-21.370151,8.000000,-2.646985
-13.191020,-21.806745,8.000000,-2.689074
-13.283939,-22.249907,8.000000,-2.732025
-13.343121,-22.696565,8.000000,-2.775568
-13.364817,-23.143648,8.000000,-2.819437
-13.345278,-23.588082,8.000000,-2.863361
-13.281486,-24.026449,8.000000,-2.907084
-13.174739,-24.453286,8.000000,-2.950398
-13.027911,-24.862384,8.000000,-2.993118
-12.843882,-25.247529,8.000000,-3.035058
-12.625530,-25.602511,8.000000,-3.076032
-12.375733,-25.921118,8.000000,-3.115855
-12.097369,-26.197137,8.000000,3.128845
-11.793318,-26.424358,8.000000,3.091883
-11.466457,-26.596569,8.000000,3.056631
-11.119664,-26.707557,8.000000,3.023274
-10.755819,-26.751112,8.000000,2.991998
-10.377799,-26.721021,8.000000,2.962989
-9.988483,-26.611072,8.000000,2.936432
-9.590774,-26.415168,8.000000,2.912514
-9.189013,-26.133822,8.000000,2.891375
-8.789753,-25.777712,8.000000,2.873090
-8.399732,-25.358378,8.000000,2.857726
-8.025691,-24.887359,8.000000,2.845354
-7.674369,-24.376197,8.000000,2.836040
-7.352507,-23.836431,8.000000,2.829854
-7.066843,-23.279601,8.000000,2.826864
-6.824117,-22.717248,8.000000,2.827139
-6.631070,-22.160913,8.000000,2.830747
-6.494441,-21.622134,8.000000,2.837757
-6.420970,-21.112453,8.000000,2.848237
-6.417396,-20.643410,8.000000,2.862256
-6.490459,-20.226545,8.000000,2.879881
-6.645259,-19.871941,8.000000,2.901129
-6.874851,-19.578988,8.000000,2.925621
-7.166924,-19.342308,8.000000,2.952803
-7.509139,-19.156500,8.000000,2.982121
-7.889160,-19.016165,8.000000,3.013020
-8.294649,-18.915901,8.000000,3.044945
-8.713268,-18.850311,8.000000,3.077343
-9.132682,-18.813992,8.000000,3.109658
-9.540552,-18.801545,8.000000,3.141337
-9.924541,-18.807571,8.000000,-3.111361
-10.272312,-18.826668,8.000000,-3.082619
-10.571527,-18.853437,8.000000,-3.056178
-10.809850,-18.882478,8.000000,-3.032591
-10.975015,-18.908413,8.000000,-3.012410
-11.062158,-18.928065,8.000000,-2.995830
-11.080119,-18.942343,8.000000,-2.982390
-11.039226,-18.952595,8.000000,-2.971554
-10.949805,-18.960171,8.000000,-2.962791
-10.822184,-18.966419,8.000000,-2.955565
-10.666690,-18.972690,8.000000,-2.949343
-10.493649,-18.980332,8.000000,-2.943593
-10.313389,-18.990694,8.000000,-2.937778
-10.136236,-19.005126,8.000000,-2.931368
-9.972519,-19.024977,8.000000,-2.923826
-9.832562,-19.051596,8.000000,-2.914620
-9.726695,-19.086332,8.000000,-2.903217
-9.665243,-19.130535,8.000000,-2.889082
-9.657295,-19.185250,8.000000,-2.871757
-9.700502,-19.248711,8.000000,-2.851493
-9.786345,-19.317638,8.000000,-2.828919
-9.906244,-19.388737,8.000000,-2.804668
-10.051616,-19.458710,8.000000,-2.779373
-10.213881,-19.524262,8.000000,-2.753669
-10.384459,-19.582099,8.000000,-2.728189
-10.554768,-19.628923,8.000000,-2.703566
-10.716228,-19.661440,8.000000,-2.680435
-10.860258,-19.676354,8.000000,-2.659428
-10.978277,-19.670369,8.000000,-2.641179
-11.061704,-19.640190,8.000000,-2.626321
-11.101959,-19.582520,8.000000,-2.615489
-11.090482,-19.494080,8.000000,-2.609315
-11.023319,-19.374666,8.000000,-2.608164
-10.906848,-19.230989,8.000000,-2.611810
-10.748855,-19.070700,8.000000,-2.619940
-10.557126,-18.901448,8.000000,-2.632247
-10.339447,-18.730885,8.000000,-2.648420
-10.103602,-18.566661,8.000000,-2.668148
-9.857379,-18.416425,8.000000,-2.691123
-9.608562,-18.287830,8.000000,-2.717034
-9.364937,-18.188525,8.000000,-2.745571
-9.134289,-18.126160,8.000000,-2.776424
-8.924406,-18.108387,8.000000,-2.809284
-8.743071,-18.142856,8.000000,-2.843840
-8.598071,-18.237217,8.000000,-2.879784
-8.496575,-18.398224,8.000000,-2.916805
-8.438498,-18.622090,8.000000,-2.954618
-8.419035,-18.898164,8.000000,-2.992948
-8.433298,-19.215678,8.000000,-3.031521
-8.476402,-19.563866,8.000000,-3.070063
-8.543459,-19.931959,8.000000,-3.108301
-8.629584,-20.309191,8.000000,3.137224
-8.729889,-20.684794,8.000000,3.100417
-8.839488,-21.048000,8.000000,3.064734
-8.953495,-21.388042,8.000000,3.030452
-9.067023,-21.694153,8.000000,2.997842
-9.175186,-21.955565,8.000000,2.967180
-9.273097,-22.161511,8.000000,2.938738
-9.355872,-22.301231,8.000000,2.912791
-9.420626,-22.368832,8.000000,2.889535
-9.469928,-22.371725,8.000000,2.868955
-9.507275,-22.319575,8.000000,2.850999
-9.536162,-22.222044,8.000000,2.835616
-9.560084,-22.088798,8.000000,2.822755
-9.582536,-21.929500,8.000000,2.812365
-9.607015,-21.753813,8.000000,2.804395
-9.637014,-21.571402,8.000000,2.798793
-9.676030,-21.391930,8.000000,2.795509
-9.727558,-21.225061,8.000000,2.794492
-9.795093,-21.080459,8.000000,2.795690
-9.882130,-20.967788,8.000000,2.799051
-9.992166,-20.896711,8.000000,2.804526
-10.128435,-20.876330,8.000000,2.812048
-10.290217,-20.907128,8.000000,2.821312
-10.473691,-20.982849,8.000000,2.831833
-10.674957,-21.097058,8.000000,2.843116
-10.890112,-21.243319,8.000000,2.854670
-11.115256,-21.415198,8.000000,2.866001
-11.346486,-21.606259,8.000000,2.876618
-11.579902,-21.810067,8.000000,2.886026
-11.811601,-22.020186,8.000000,2.893734
-12.037682,-22.230182,8.000000,2.899249
-12.254244,-22.433618,8.000000,2.902079
-12.457386,-22.624061,8.000000,2.901729
-12.643204,-22.795074,8.000000,2.897709
-12.807800,-22.940223,8.000000,2.889524
-12.947782,-23.055287,8.000000,2.876896
-13.061476,-23.143462,8.000000,2.860257
-13.147568,-23.209495,8.000000,2.840187
-13.204742,-23.258133,8.000000,2.817269
-13.231681,-23.294123,8.000000,2.792083
-13.227071,-23.322212,8.000000,2.765212
-13.189597,-23.347146,8.000000,2.737236
-13.117941,-23.373673,8.000000,2.708737
-13.010789,-23.406539,8.000000,2.680296
-12.866826,-23.450491,8.000000,2.652495
-12.684735,-23.510277,8.000000,2.625914
-12.463202,-23.590642,8.000000,2.601137
-12.200910,-23.696334,8.000000,2.578742
-11.896742,-23.831774,8.000000,2.559294
-11.553629,-23.994720,8.000000,2.542966
-11.178299,-24.176675,8.000000,2.529568
-10.777628,-24.368906,8.000000,2.518894
-10.358491,-24.562676,8.000000,2.510740
-9.927762,-24.749250,8.000000,2.504901
-9.492317,-24.919892,8.000000,2.501173
-9.059031,-25.065868,8.000000,2.499351
-8.634778,-25.178442,8.000000,2.499230
-8.226435,-25.248878,8.000000,2.500606
-7.840875,-25.268442,8.000000,2.503274
-7.484974,-25.228397,8.000000,2.507030
-7.165607,-25.120008,8.000000,2.511668
-6.889649,-24.934540,8.000000,2.516984
-6.662391,-24.666554,8.000000,2.522777
-6.482596,-24.324190,8.000000,2.528859
-6.347344,-23.919089,8.000000,2.535048
-6.253719,-23.462889,8.000000,2.541159
-6.198802,-22.967231,8.000000,2.547009
-6.179675,-22.443752,8.000000,2.552415
-6.193419,-21.904092,8.000000,2.557192
-6.237116,-21.359892,8.000000,2.561159
-6.307848,-20.822789,8.000000,2.564130
-6.402697,-20.304423,8.000000,2.565923
-6.518744,-19.816433,8.000000,2.566353
-6.653072,-19.370460,8.000000,2.565238
-6.802761,-18.978141,8.000000,2.562395
-6.964867,-18.650830,8.000000,2.557648
-7.135688,-18.391685,8.000000,2.551123
-7.310668,-18.194658,8.000000,2.543274
-7.485208,-18.053211,8.000000,2.534575
-7.654708,-17.960808,8.000000,2.525500
-7.814567,-17.910910,8.000000,2.516522
-7.960186,-17.896981,8.000000,2.508114
-8.086964,-17.912484,8.000000,2.500749
-8.190303,-17.950880,8.000000,2.494902
-8.265601,-18.005634,8.000000,2.491046
-8.308259,-18.070207,8.000000,2.489654
-8.313677,-18.138062,8.000000,2.491199
-8.277255,-18.202662,8.000000,2.496156
-8.194393,-18.257470,8.000000,2.504997
-8.062152,-18.297247,8.000000,2.518041
-7.886022,-18.323345,8.000000,2.534822
-7.674164,-18.339203,8.000000,2.554623
-7.434739,-18.348261,8.000000,2.576728
-7.175907,-18.353959,8.000000,2.600423
-6.905831,-18.359738,8.000000,2.624990
-6.632671,-18.369037,8.000000,2.649715
-6.364589,-18.385297,8.000000,2.673880
-6.109746,-18.411957,8.000000,2.696771
-5.876302,-18.452457,8.000000,2.717672
-5.672420,-18.510238,8.000000,2.735866
-5.506260,-18.588739,8.000000,2.750638
-5.385983,-18.691401,8.000000,2.761272
-5.319615,-18.821570,8.000000,2.767064
-5.309451,-18.978640,8.000000,2.767806
-5.350064,-19.156679,8.000000,2.763959
-5.435481,-19.349381,8.000000,2.756030
-5.559730,-19.550436,8.000000,2.744527
-5.716841,-19.753539,8.000000,2.729958
-5.900840,-19.952381,8.000000,2.712831
-6.105756,-20.140655,8.000000,2.693654
-6.325617,-20.312055,8.000000,2.672934
-6.554451,-20.460271,8.000000,2.651179
-6.786286,-20.578997,8.000000,2.628897
-7.015150,-20.661926,8.000000,2.606596
-7.235071,-20.702750,8.000000,2.584784
-7.440077,-20.695161,8.000000,2.563968
-7.624883,-20.634533,8.000000,2.544586
-7.788512,-20.526793,8.000000,2.526640
-7.931659,-20.381955,8.000000,2.509961
-8.055021,-20.210044,8.000000,2.494380
-8.159294,-20.021083,8.000000,2.479728
-8.245176,-19.825096,8.000000,2.465837
-8.313365,-19.632108,8.000000,2.452537
-8.364558,-19.452142,8.000000,2.439660
-8.399451,-19.295222,8.000000,2.427037
-8.418743,-19.171373,8.000000,2.414499
-8.423130,-19.090617,8.000000,2.401878
-8.413310,-19.062980,8.000000,2.389003
-8.389980,-19.098485,8.000000,2.375707
-8.353838,-19.207060,8.000000,2.361823
-8.305620,-19.392174,8.000000,2.347374
-8.246124,-19.646831,8.000000,2.332689
-8.176155,-19.963078,8.000000,2.318122
-8.096515,-20.332965,8.000000,2.304030
-8.008010,-20.748538,8.000000,2.290770
-7.911443,-21.201845,8.000000,2.278696
-7.807618,-21.684936,8.000000,2.268165
-7.697338,-22.189858,8.000000,2.259533
-7.581409,-22.708658,8.000000,2.253156
-7.460633,-23.233386,8.000000,2.249390
-7.335815,-23.756089,8.000000,2.248591
-7.207758,-24.268816,8.000000,2.251114
-7.077267,-24.763613,8.000000,2.257317
-6.945163,-25.233136,8.000000,2.267503
-6.812401,-25.674780,8.000000,2.281580
-6.680001,-26.088175,8.000000,2.299266
-6.548983,-26.472964,8.000000,2.320280
-6.420367,-26.828791,8.000000,2.344339
-6.295172,-27.155298,8.000000,2.371161
-6.174418,-27.452129,8.000000,2.400465
-6.059124,-27.718926,8.000000,2.431968
-5.950312,-27.955333,8.000000,2.465387
-5.849000,-28.160993,8.000000,2.500442
-5.756208,-28.335548,8.000000,2.536849
-5.672956,-28.478643,8.000000,2.574327
-5.600264,-28.589919,8.000000,2.612593
-5.539152,-28.669028,8.000000,2.651366
-5.490735,-28.716460,8.000000,2.690362
-5.456309,-28.734354,8.000000,2.729300
-5.437194,-28.725038,8.000000,2.767895
-5.434708,-28.690842,8.000000,2.805865
-5.450169,-28.634094,8.000000,2.842927
-5.484897,-28.557123,8.000000,2.878797
-5.540209,-28.462259,8.000000,2.913192
-5.617425,-28.351829,8.000000,2.945829
-5.717862,-28.228163,8.000000,2.976425
-5.842840,-28.093589,8.000000,3.004697
-5.993676,-27.950436,8.000000,3.030361
-6.171690,-27.801034,8.000000,3.053135
-6.378201,-27.647710,8.000000,3.072736
-6.614022,-27.492577,8.000000,3.088929
-6.874998,-27.335602,8.000000,3.101975
-7.154140,-27.175530,8.000000,3.112413
-7.444427,-27.011093,8.000000,3.120787
-7.738837,-26.841021,8.000000,3.127639
-8.030348,-26.664046,8.000000,3.133512
-8.311939,-26.478899,8.000000,3.138950
-8.576588,-26.284312,8.000000,-3.138689
-8.817273,-26.079015,8.000000,-3.132492
-9.026973,-25.861740,8.000000,-3.125101
-9.198667,-25.631217,8.000000,-3.115972
-9.325332,-25.386179,8.000000,-3.104563
-9.399947,-25.125357,8.000000,-3.090331
-9.415506,-24.847485,8.000000,-3.072733
-9.369374,-24.552547,8.000000,-3.051584
-9.269287,-24.243483,8.000000,-3.027537
-9.124486,-23.923661,8.000000,-3.001370
-8.944210,-23.596451,8.000000,-2.973861
-8.737701,-23.265223,8.000000,-2.945786
-8.514197,-22.933345,8.000000,-2.917924
-8.282940,-22.604186,8.000000,-2.891052
-8.053170,-22.281116,8.000000,-2.865946
-7.834127,-21.967504,8.000000,-2.843385
-7.635052,-21.666719,8.000000,-2.824145
-7.465184,-21.382131,8.000000,-2.809004
-7.333763,-21.117108,8.000000,-2.798740
-7.250031,-20.875019,8.000000,-2.794129
-7.222405,-20.659076,8.000000,-2.795882
-7.248902,-20.470486,8.000000,-2.803879
-7.320400,-20.309080,8.000000,-2.817423
-7.427638,-20.174664,8.000000,-2.835809
-7.561355,-20.067042,8.000000,-2.858332
-7.712291,-19.986021,8.000000,-2.884285
-7.871185,-19.931406,8.000000,-2.912963
-8.028776,-19.903001,8.000000,-2.943660
-8.175803,-19.900612,8.000000,-2.975669
-8.303005,-19.924044,8.000000,-3.008287
-8.401122,-19.973102,8.000000,-3.040805
-8.460893,-20.047592,8.000000,-3.072520
-8.473056,-20.147318,8.000000,-3.102724
-8.428355,-20.272086,8.000000,-3.130712
-8.321528,-20.421018,8.000000,3.127166
-8.158881,-20.591267,8.000000,3.104313
-7.948801,-20.779631,8.000000,3.083560
-7.699675,-20.982905,8.000000,3.064555
-7.419889,-21.197887,8.000000,3.046945
-7.117829,-21.421375,8.000000,3.030377
-6.801884,-21.650166,8.000000,3.014498
-6.480440,-21.881056,8.000000,2.998955
-6.161883,-22.110844,8.000000,2.983396
-5.854600,-22.336326,8.000000,2.967467
-5.566979,-22.554300,8.000000,2.950815
-5.307405,-22.761562,8.000000,2.933089
-5.084267,-22.954910,8.000000,2.913934
-4.905516,-23.131237,8.000000,2.893024
-4.771905,-23.289017,8.000000,2.870452
-4.678257,-23.428028,8.000000,2.846663
-4.619218,-23.548088,8.000000,2.822109
-4.589432,-23.649014,8.000000,2.797243
-4.583546,-23.730621,8.000000,2.772518
-4.596204,-23.792729,8.000000,2.748387
-4.622052,-23.835152,8.000000,2.725304
-4.655737,-23.857710,8.000000,2.703721
-4.691902,-23.860217,8.000000,2.684092
-4.725195,-23.842493,8.000000,2.666869
-4.750259,-23.804352,8.000000,2.652505
-4.761742,-23.745613,8.000000,2.641455
-4.754288,-23.666093,8.000000,2.634170
-4.724702,-23.566203,8.000000,2.630902
-4.677459,-23.448469,8.000000,2.631185
-4.618738,-23.315886,8.000000,2.634394
-4.554717,-23.171449,8.000000,2.639903
-4.491573,-23.018153,8.000000,2.647088
-4.435485,-22.858992,8.000000,2.655322
-4.392630,-22.696961,8.000000,2.663981
-4.369187,-22.535055,8.000000,2.672440
-4.371333,-22.376270,8.000000,2.680074
-4.405247,-22.223599,8.000000,2.686256
-4.477106,-22.080037,8.000000,2.690362
-4.593089,-21.948581,8.000000,2.691767
-4.759374,-21.832223,8.000000,2.689845
-4.981827,-21.733849,8.000000,2.684000
-5.259317,-21.653863,8.000000,2.674276
-5.583805,-21.590219,8.000000,2.661347
-5.946958,-21.540768,8.000000,2.645918
-6.340445,-21.503362,8.000000,2.628689
-6.755932,-21.475851,8.000000,2.610365
-7.185086,-21.456085,8.000000,2.591647
-7.619576,-21.441917,8.000000,2.573238
-8.051069,-21.431197,8.000000,2.555842
-8.471232,-21.421775,8.000000,2.540159
-8.871733,-21.411503,8.000000,2.526894
-9.244239,-21.398232,8.000000,2.516748
-9.580418,-21.379812,8.000000,2.510425
-9.871936,-21.354095,8.000000,2.508626
-10.112096,-21.319819,8.000000,2.511867
-10.301334,-21.279610,8.000000,2.519835
-10.442042,-21.237153,8.000000,2.531995
-10.536608,-21.196135,8.000000,2.547812
-10.587425,-21.160242,8.000000,2.566748
-10.596881,-21.133160,8.000000,2.588267
-10.567366,-21.118576,8.000000,2.611833
-10.501271,-21.120175,8.000000,2.636911
-10.400986,-21.141645,8.000000,2.662964
-10.268900,-21.186670,8.000000,2.689455
-10.107404,-21.258938,8.000000,2.715849
-9.918888,-21.362135,8.000000,2.741610
-9.705742,-21.499947,8.000000,2.766200
-9.470399,-21.675919,8.000000,2.789097
-9.216668,-21.889104,8.000000,2.810165
-8.949984,-22.133242,8.000000,2.829729
-8.675875,-22.401767,8.000000,2.848141
-8.399872,-22.688110,8.000000,2.865750
-8.127503,-22.985706,8.000000,2.882910
-7.864297,-23.287986,8.000000,2.899970
-7.615783,-23.588383,8.000000,2.917283
-7.387492,-23.880331,8.000000,2.935200
-7.184951,-24.157262,8.000000,2.954072
-7.013691,-24.412609,8.000000,2.974250
-6.879239,-24.639805,8.000000,2.996086
-6.787126,-24.832282,8.000000,3.019930
-6.742881,-24.983473,8.000000,3.046136
-6.750514,-25.088201,8.000000,3.074961
-6.805847,-25.148781,8.000000,3.106171
-6.901955,-25.170045,8.000000,3.139368
-7.031911,-25.156822,8.000000,-3.109035
-7.188787,-25.113947,8.000000,-3.073068
-7.365656,-25.046251,8.000000,-3.036316
-7.555589,-24.958566,8.000000,-2.999179
-7.751660,-24.855724,8.000000,-2.962057
-7.946941,-24.742558,8.000000,-2.925350
-8.134505,-24.623899,8.000000,-2.889459
-8.307423,-24.504579,8.000000,-2.854784
-8.458770,-24.389431,8.000000,-2.821725
-8.581616,-24.283287,8.000000,-2.790682
-8.669120,-24.190920,8.000000,-2.762051
-8.718539,-24.114313,8.000000,-2.736045
-8.732946,-24.051485,8.000000,-2.712612
-8.715859,-24.000153,8.000000,-2.691682
-8.670795,-23.958036,8.000000,-2.673185
-8.601271,-23.922849,8.000000,-2.657050
-8.510806,-23.892311,8.000000,-2.643206
-8.402915,-23.864139,8.000000,-2.631583
-8.281116,-23.836051,8.000000,-2.622111
-8.148926,-23.805763,8.000000,-2.614718
-8.009863,-23.770993,8.000000,-2.609335
-7.867445,-23.729459,8.000000,-2.605891
-7.725187,-23.678879,8.000000,-2.604315
-7.586608,-23.616968,8.000000,-2.604536
-7.455112,-23.542082,8.000000,-2.606449
-7.333358,-23.456819,8.000000,-2.609702
-7.223694,-23.365521,8.000000,-2.613845
-7.128471,-23.272534,8.000000,-2.618427
-7.050037,-23.182205,8.000000,-2.622998
-6.990743,-23.098881,8.000000,-2.627108
-6.952937,-23.026907,8.000000,-2.630305
-6.938969,-22.970630,8.000000,-2.632139
-6.951188,-22.934397,8.000000,-2.632160
-6.991943,-22.922553,8.000000,-2.629917
-7.063585,-22.939446,8.000000,-2.624959
-7.168462,-22.989422,8.000000,-2.616836
-7.308924,-23.076827,8.000000,-2.605097
-7.487276,-23.205957,8.000000,-2.589295
-7.702359,-23.377076,8.000000,-2.569290
-7.947092,-23.583560,8.000000,-2.545464
-8.213817,-23.818111,8.000000,-2.518250
-8.494873,-24.073432,8.000000,-2.488080
-8.782601,-24.342224,8.000000,-2.455390
-9.069340,-24.617189,8.000000,-2.420611
-9.347432,-24.891030,8.000000,-2.384176
-9.609217,-25.156447,8.000000,-2.346520
-9.847034,-25.406144,8.000000,-2.308075
-10.053224,-25.632822,8.000000,-2.269275
-10.220128,-25.829183,8.000000,-2.230552
-10.340086,-25.987929,8.000000,-2.192340
-10.405437,-26.101763,8.000000,-2.155072
-10.409509,-26.164427,8.000000,-2.119170
-10.353865,-26.178373,8.000000,-2.084948
-10.244167,-26.150384,8.000000,-2.052673
-10.086108,-26.087273,8.000000,-2.022609
-9.885380,-25.995855,8.000000,-1.995019
-9.647675,-25.882945,8.000000,-1.970169
-9.378686,-25.755356,8.000000,-1.948322
-9.084105,-25.619903,8.000000,-1.929743
-8.769624,-25.483400,8.000000,-1.914696
-8.440936,-25.352662,8.000000,-1.903446
-8.103734,-25.234503,8.000000,-1.896257
-7.763708,-25.135738,8.000000,-1.893393
-7.426553,-25.063180,8.000000,-1.895118
-7.097950,-25.023615,8.000000,-1.901696
-6.782178,-25.019333,8.000000,-1.913074
-6.480614,-25.043342,8.000000,-1.928551
-6.194275,-25.087504,8.000000,-1.947348
-5.924179,-25.143678,8.000000,-1.968683
-5.671343,-25.203726,8.000000,-1.991776
-5.436785,-25.259508,8.000000,-2.015846
-5.221523,-25.302885,8.000000,-2.040113
-5.026573,-25.325717,8.000000,-2.063796
-4.852954,-25.319865,8.000000,-2.086115
-4.701684,-25.277189,8.000000,-2.106288
-4.573779,-25.189550,8.000000,-2.123535
-4.470258,-25.048809,8.000000,-2.137077
-4.392138,-24.846826,8.000000,-2.146131
-4.340299,-24.576702,8.000000,-2.149997
-4.314169,-24.244654,8.000000,-2.148828
-4.312305,-23.864785,8.000000,-2.143285
-4.333250,-23.451303,8.000000,-2.134037
-4.375546,-23.018419,8.000000,-2.121755
-4.437739,-22.580342,8.000000,-2.107107
-4.518371,-22.151280,8.000000,-2.090763
-4.615986,-21.745445,8.000000,-2.073393
-4.729127,-21.377045,8.000000,-2.055666
-4.856339,-21.060289,8.000000,-2.038251
-4.996164,-20.809388,8.000000,-2.021818
-5.147146,-20.638551,8.000000,-2.007036
-5.307830,-20.561986,8.000000,-1.994575
-5.476755,-20.593884,8.000000,-1.985103
-5.651654,-20.740478,8.000000,-1.979045
-5.828219,-20.988036,8.000000,-1.976204
-6.001833,-21.319743,8.000000,-1.976292
-6.167875,-21.718786,8.000000,-1.979020
-6.321727,-22.168352,8.000000,-1.984097
-6.458769,-22.651625,8.000000,-1.991235
-6.574380,-23.151793,8.000000,-2.000144
-6.663943,-23.652041,8.000000,-2.010535
-6.722838,-24.135556,8.000000,-2.022117
-6.746444,-24.585523,8.000000,-2.034602
-6.730144,-24.985130,8.000000,-2.047701
-6.669316,-25.317561,8.000000,-2.061122
-6.559343,-25.566003,8.000000,-2.074578
-6.396181,-25.714774,8.000000,-2.087781
-6.183669,-25.763646,8.000000,-2.100477
-5.931341,-25.723561,8.000000,-2.112435
-5.648858,-25.605710,8.000000,-2.123424
-5.345880,-25.421285,8.000000,-2.133215
-5.032070,-25.181475,8.000000,-2.141577
-4.717087,-24.897474,8.000000,-2.148280
-4.410594,-24.580471,8.000000,-2.153093
-4.122250,-24.241658,8.000000,-2.155787
-3.861718,-23.892227,8.000000,-2.156131
-3.638658,-23.543368,8.000000,-2.153895
-3.462731,-23.206273,8.000000,-2.148848
-3.343598,-22.892132,8.000000,-2.140761
-3.290919,-22.612136,8.000000,-2.129403
-3.310629,-22.373850,8.000000,-2.114693
-3.397242,-22.173727,8.000000,-2.097004
-3.543090,-22.006095,8.000000,-2.076796
-3.740502,-21.865282,8.000000,-2.054531
-3.981812,-21.745617,8.000000,-2.030670
-4.259348,-21.641428,8.000000,-2.005672
-4.565443,-21.547043,8.000000,-1.979999
-4.892428,-21.456790,8.000000,-1.954112
-5.232633,-21.364998,8.000000,-1.928471
-5.578390,-21.265995,8.000000,-1.903536
-5.922030,-21.154109,8.000000,-1.879769
-6.255884,-21.023668,8.000000,-1.857631
-6.572282,-20.869001,8.000000,-1.837581
-6.863844,-20.684819,8.000000,-1.820062
-7.128385,-20.472722,8.000000,-1.805169
-7.368227,-20.240291,8.000000,-1.792699
-7.585841,-19.995304,8.000000,-1.782436
-7.783699,-19.745541,8.000000,-1.774166
-7.964272,-19.498778,8.000000,-1.767677
-8.130032,-19.262796,8.000000,-1.762752
-8.283449,-19.045371,8.000000,-1.759179
-8.426996,-18.854283,8.000000,-1.756742
-8.563144,-18.697310,8.000000,-1.755229
-8.694365,-18.582230,8.000000,-1.754424
-8.823129,-18.516821,8.000000,-1.754113
-8.951908,-18.508863,8.000000,-1.754082
-9.083175,-18.566133,8.000000,-1.754118
-9.218325,-18.693265,8.000000,-1.754046
-9.354709,-18.883037,8.000000,-1.753846
-9.488721,-19.125435,8.000000,-1.753535
-9.616758,-19.410445,8.000000,-1.753128
-9.735215,-19.728052,8.000000,-1.752641
-9.840488,-20.068242,8.000000,-1.752090
-9.928971,-20.421002,8.000000,-1.751491
-9.997061,-20.776316,8.000000,-1.750861
-10.041152,-21.124170,8.000000,-1.750214
-10.057641,-21.454551,8.000000,-1.749567
-10.042923,-21.757443,8.000000,-1.748936
-9.993393,-22.022834,8.000000,-1.748338
-9.905448,-22.240707,8.000000,-1.747786
-9.775661,-22.401428,8.000000,-1.747299
-9.605039,-22.504688,8.000000,-1.746880
-9.399195,-22.559879,8.000000,-1.746525
-9.163955,-22.576842,8.000000,-1.746229
-8.905145,-22.565418,8.000000,-1.745986
-8.628594,-22.535451,8.000000,-1.745791
-8.340127,-22.496782,8.000000,-1.745640
-8.045571,-22.459253,8.000000,-1.745525
-7.750753,-22.432706,8.000000,-1.745443
-7.461500,-22.426983,8.000000,-1.745388
-7.183639,-22.451926,8.000000,-1.745354
-6.922996,-22.517377,8.000000,-1.745337
-6.685399,-22.633177,8.000000,-1.745330
-6.476673,-22.809170,8.000000,-1.745329
-6.301424,-23.051679,8.000000,-1.745330
-6.158583,-23.350700,8.000000,-1.745340
-6.045436,-23.691497,8.000000,-1.745366
-5.959271,-24.059330,8.000000,-1.745417
-5.897373,-24.439462,8.000000,-1.745502
-5.857028,-24.817155,8.000000,-1.745628
-5.835525,-25.177671,8.000000,-1.745806
-5.830148,-25.506273,8.000000,-1.746043
-5.838184,-25.788221,8.000000,-1.746347
-5.856921,-26.008779,8.000000,-1.746728
-5.883644,-26.153208,8.000000,-1.747194
-5.915639,-26.206771,8.000000,-1.747753
-5.950194,-26.154729,8.000000,-1.748414
-5.984639,-25.982747,8.000000,-1.749187
-6.017891,-25.690759,8.000000,-1.750163
-6.050839,-25.296481,8.000000,-1.751532
-6.084499,-24.818744,8.000000,-1.753488
-6.119885,-24.276378,8.000000,-1.756228
-6.158012,-23.688216,8.000000,-1.759946
-6.199894,-23.073088,8.000000,-1.764839
-6.246546,-22.449825,8.000000,-1.771103
-6.298982,-21.837258,8.000000,-1.778932
-6.358217,-21.254219,8.000000,-1.788522
-6.425265,-20.719537,8.000000,-1.800069
-6.501140,-20.252045,8.000000,-1.813769
-6.586859,-19.870572,8.000000,-1.829817
-6.683434,-19.593951,8.000000,-1.848408
-6.791620,-19.437347,8.000000,-1.869697
-6.910681,-19.394921,8.000000,-1.893600
-7.039352,-19.453369,8.000000,-1.919949
-7.176364,-19.599376,8.000000,-1.948574
-7.320452,-19.819629,8.000000,-1.979307
-7.470348,-20.100813,8.000000,-2.011980
-7.624787,-20.429616,8.000000,-2.046425
-7.782500,-20.792722,8.000000,-2.082472
-7.942221,-21.176818,8.000000,-2.119953
-8.102684,-21.568590,8.000000,-2.158699
-8.262622,-21.954724,8.000000,-2.198543
-8.420767,-22.321906,8.000000,-2.239315
-8.575854,-22.656822,8.000000,-2.280846
-8.726607,-22.946291,8.000000,-2.322968
-8.871338,-23.184405,8.000000,-2.365395
-9.007736,-23.376142,8.000000,-2.407676
-9.133439,-23.527368,8.000000,-2.449345
-9.246086,-23.643953,8.000000,-2.489936
-9.343316,-23.731765,8.000000,-2.528985
-9.422768,-23.796673,8.000000,-2.566024
-9.482080,-23.844543,8.000000,-2.600588
-9.518891,-23.881246,8.000000,-2.632211
-9.530840,-23.912649,8.000000,-2.660428
-9.515565,-23.944621,8.000000,-2.684772
-9.470704,-23.983029,8.000000,-2.704779
-9.393897,-24.033743,8.000000,-2.719981
-9.282783,-24.102631,8.000000,-2.729914
-9.135624,-24.194807,8.000000,-2.734227
-8.955138,-24.310024,8.000000,-2.733399
-8.745966,-24.445712,8.000000,-2.728266
-8.512763,-24.599288,8.000000,-2.719664
-8.260180,-24.768173,8.000000,-2.708432
-7.992868,-24.949785,8.000000,-2.695407
-7.715481,-25.141544,8.000000,-2.681427
-7.432670,-25.340869,8.000000,-2.667329
-7.149087,-25.545180,8.000000,-2.653952
-6.869385,-25.751894,8.000000,-2.642131
-6.598215,-25.958433,8.000000,-2.632706
-6.340230,-26.162214,8.000000,-2.626513
-6.100082,-26.360657,8.000000,-2.624390
-5.882401,-26.551176,8.000000,-2.627171
-5.689716,-26.730699,8.000000,-2.635255
-5.520775,-26.895276,8.000000,-2.648265
-5.373926,-27.040867,8.000000,-2.665740
-5.247520,-27.163430,8.000000,-2.687221
-5.139907,-27.258925,8.000000,-2.712248
-5.049434,-27.323309,8.000000,-2.740359
-4.974453,-27.352543,8.000000,-2.771096
-4.913313,-27.342585,8.000000,-2.803999
-4.864363,-27.289394,8.000000,-2.838606
-4.825952,-27.188928,8.000000,-2.874459
-4.796432,-27.037147,8.000000,-2.911098
-4.774150,-26.830010,8.000000,-2.948061
-4.757457,-26.563475,8.000000,-2.984890
-4.744906,-26.234451,8.000000,-3.021162
-4.736877,-25.848321,8.000000,-3.056798
-4.734707,-25.414917,8.000000,-3.091900
-4.739743,-24.944116,8.000000,-3.126569
-4.753330,-24.445790,8.000000,3.122276
-4.776815,-23.929814,8.000000,3.088165
-4.811544,-23.406063,8.000000,3.054178
-4.858863,-22.884409,8.000000,3.020214
-4.920119,-22.374727,8.000000,2.986171
-4.996657,-21.886892,8.000000,2.951945
-5.089824,-21.430778,8.000000,2.917435
-5.200967,-21.016258,8.000000,2.882537
-5.331430,-20.653207,8.000000,2.847151
-5.482555,-20.351480,8.000000,2.811173
-5.654437,-20.117392,8.000000,2.774593
-5.844459,-19.949530,8.000000,2.737599
-6.049645,-19.845462,8.000000,2.700405
-6.267020,-19.802756,8.000000,2.663226
-6.493608,-19.818979,8.000000,2.626276
-6.726435,-19.891698,8.000000,2.589769
-6.962524,-20.018483,8.000000,2.553920
-7.198900,-20.196900,8.000000,2.518942
-7.432588,-20.424517,8.000000,2.485051
-7.660612,-20.698903,8.000000,2.452459
-7.879997,-21.017624,8.000000,2.421383
-8.087767,-21.378249,8.000000,2.392036
-8.280948,-21.778345,8.000000,2.364632
-8.456649,-22.215052,8.000000,2.339361
-8.612956,-22.680653,8.000000,2.316135
-8.748575,-23.164351,8.000000,2.294688
-8.862220,-23.655302,8.000000,2.274751
-8.952605,-24.142660,8.000000,2.256057
-9.018444,-24.615580,8.000000,2.238339
-9.058453,-25.063216,8.000000,2.221326
-9.071345,-25.474724,8.000000,2.204752
-9.055835,-25.839258,8.000000,2.188348
-9.010637,-26.145973,8.000000,2.171847
-8.934467,-26.384025,8.000000,2.154979
-8.826037,-26.542567,8.000000,2.137478
-8.684063,-26.610754,8.000000,2.119074
-8.507264,-26.577754,8.000000,2.099500
-8.296527,-26.439054,8.000000,2.078618
-8.058506,-26.206937,8.000000,2.056636
-7.800802,-25.896446,8.000000,2.033820
-7.531014,-25.522619,8.000000,2.010433
-7.256743,-25.100499,8.000000,1.986740
-6.985587,-24.645124,8.000000,1.963007
-6.725148,-24.171537,8.000000,1.939497
-6.483026,-23.694777,8.000000,1.916476
-6.266820,-23.229885,8.000000,1.894209
-6.084130,-22.791902,8.000000,1.872960
-5.942557,-22.395868,8.000000,1.852994
-5.849700,-22.056825,8.000000,1.834576
-5.813160,-21.789812,8.000000,1.817971
-5.840017,-21.608941,8.000000,1.803435
-5.929706,-21.514649,8.000000,1.791110
-6.075835,-21.496952,8.000000,1.781052
-6.271868,-21.545605,8.000000,1.773311
-6.511266,-21.650362,8.000000,1.767941
-6.787493,-21.800978,8.000000,1.764994
-7.094010,-21.987207,8.000000,1.764522
-7.424281,-22.198805,8.000000,1.766577
-7.771767,-22.425526,8.000000,1.771211
-8.129932,-22.657125,8.000000,1.778477
-8.492238,-22.883357,8.000000,1.788427
-8.852148,-23.093976,8.000000,1.801113
-9.203124,-23.278737,8.000000,1.816587
-9.538629,-23.427395,8.000000,1.834901
-9.853580,-23.532677,8.000000,1.856011
-10.147620,-23.596968,8.000000,1.879554
-10.421353,-23.624614,8.000000,1.905102
-10.675382,-23.619961,8.000000,1.932230
-10.910310,-23.587356,8.000000,1.960509
-11.126742,-23.531145,8.000000,1.989513
-11.325279,-23.455674,8.000000,2.018814
-11.506526,-23.365290,8.000000,2.047988
-11.671086,-23.264338,8.000000,2.076605
-11.819562,-23.157165,8.000000,2.104239
-11.952558,-23.048117,8.000000,2.130464
-12.070676,-22.941540,8.000000,2.154852
-12.174521,-22.841781,8.000000,2.176976
-12.264705,-22.753050,8.000000,2.196426
-12.342034,-22.676896,8.000000,2.213112
-12.407493,-22.612432,8.000000,2.227237
-12.462068,-22.558685,8.000000,2.239013
-12.506751,-22.514681,8.000000,2.248654
-12.542531,-22.479445,8.000000,2.256375
-12.570396,-22.452004,8.000000,2.262387
-12.591336,-22.431382,8.000000,2.266906
-12.606340,-22.416606,8.000000,2.270143
-12.616398,-22.406701,8.000000,2.272314
-12.622499,-22.400693,8.000000,2.273630
-12.625631,-22.397607,8.000000,2.274306
-12.626786,-22.396471,8.000000,2.274555
-12.626950,-22.396308,8.000000,2.274591
